{
  "type": "FeatureCollection",
  "features": [
    {
      "type": "Feature",
      "id": "relation/5386277",
      "properties": {
        "timestamp": "2020-03-07T07:18:31Z",
        "version": "2",
        "changeset": "81892111",
        "user": "uknown-gryphus",
        "uid": "2425805",
        "building": "hostel",
        "tourism": "hostel",
        "type": "multipolygon",
        "id": "relation/5386277",
        "name": "Hall of Residence 1 (Block A - Ashoka)",
        "category": "Hostel",
        "description": "Undergraduate Men's Hostel (Hall 1 Block A)"
      },
      "geometry": {
        "type": "Polygon",
        "coordinates": [
          [
            [
              80.019086,
              23.176648
            ],
            [
              80.01911,
              23.176588
            ],
            [
              80.01915,
              23.176547
            ],
            [
              80.019142,
              23.17654
            ],
            [
              80.019118,
              23.176564
            ],
            [
              80.019009,
              23.176474
            ],
            [
              80.019038,
              23.176444
            ],
            [
              80.019032,
              23.176439
            ],
            [
              80.019021,
              23.17645
            ],
            [
              80.018986,
              23.176421
            ],
            [
              80.01903,
              23.176376
            ],
            [
              80.019065,
              23.176405
            ],
            [
              80.019054,
              23.176416
            ],
            [
              80.019061,
              23.176421
            ],
            [
              80.01909,
              23.176391
            ],
            [
              80.019199,
              23.176481
            ],
            [
              80.019171,
              23.176509
            ],
            [
              80.019181,
              23.176517
            ],
            [
              80.019218,
              23.176479
            ],
            [
              80.019283,
              23.17645
            ],
            [
              80.019278,
              23.17644
            ],
            [
              80.019242,
              23.176457
            ],
            [
              80.019179,
              23.176339
            ],
            [
              80.019222,
              23.17632
            ],
            [
              80.019218,
              23.176312
            ],
            [
              80.019204,
              23.176319
            ],
            [
              80.019183,
              23.176279
            ],
            [
              80.019249,
              23.176249
            ],
            [
              80.01927,
              23.176288
            ],
            [
              80.019257,
              23.176295
            ],
            [
              80.019261,
              23.176302
            ],
            [
              80.0193,
              23.176284
            ],
            [
              80.019363,
              23.176402
            ],
            [
              80.019319,
              23.176422
            ],
            [
              80.019324,
              23.176432
            ],
            [
              80.019384,
              23.176405
            ],
            [
              80.019444,
              23.176402
            ],
            [
              80.019444,
              23.176393
            ],
            [
              80.019405,
              23.176395
            ],
            [
              80.019396,
              23.17626
            ],
            [
              80.019434,
              23.176258
            ],
            [
              80.019433,
              23.176252
            ],
            [
              80.01942,
              23.176253
            ],
            [
              80.019416,
              23.176202
            ],
            [
              80.019484,
              23.176198
            ],
            [
              80.019487,
              23.176249
            ],
            [
              80.019469,
              23.17625
            ],
            [
              80.019469,
              23.176256
            ],
            [
              80.019515,
              23.176253
            ],
            [
              80.019524,
              23.176388
            ],
            [
              80.019483,
              23.176391
            ],
            [
              80.019484,
              23.176399
            ],
            [
              80.019547,
              23.176398
            ],
            [
              80.019582,
              23.176409
            ],
            [
              80.019637,
              23.176267
            ],
            [
              80.01969,
              23.176284
            ],
            [
              80.019704,
              23.176246
            ],
            [
              80.019737,
              23.176256
            ],
            [
              80.019763,
              23.176264
            ],
            [
              80.019748,
              23.176303
            ],
            [
              80.019805,
              23.176322
            ],
            [
              80.019751,
              23.176462
            ],
            [
              80.019873,
              23.176502
            ],
            [
              80.019878,
              23.176488
            ],
            [
              80.019836,
              23.176474
            ],
            [
              80.019884,
              23.176349
            ],
            [
              80.019924,
              23.176362
            ],
            [
              80.019927,
              23.176353
            ],
            [
              80.019909,
              23.176347
            ],
            [
              80.019927,
              23.176301
            ],
            [
              80.019994,
              23.176323
            ],
            [
              80.019976,
              23.176369
            ],
            [
              80.019959,
              23.176363
            ],
            [
              80.019956,
              23.176372
            ],
            [
              80.019999,
              23.176386
            ],
            [
              80.019951,
              23.176511
            ],
            [
              80.019915,
              23.176499
            ],
            [
              80.01991,
              23.176511
            ],
            [
              80.019942,
              23.176521
            ],
            [
              80.019918,
              23.176585
            ],
            [
              80.019878,
              23.176572
            ],
            [
              80.019895,
              23.176529
            ],
            [
              80.019881,
              23.176524
            ],
            [
              80.019863,
              23.176571
            ],
            [
              80.019723,
              23.176526
            ],
            [
              80.019741,
              23.176478
            ],
            [
              80.019719,
              23.176471
            ],
            [
              80.019658,
              23.176629
            ],
            [
              80.019682,
              23.176636
            ],
            [
              80.019697,
              23.176598
            ],
            [
              80.019832,
              23.176642
            ],
            [
              80.019817,
              23.176682
            ],
            [
              80.019824,
              23.176684
            ],
            [
              80.019831,
              23.176664
            ],
            [
              80.019874,
              23.176678
            ],
            [
              80.01985,
              23.176742
            ],
            [
              80.019807,
              23.176728
            ],
            [
              80.01981,
              23.176718
            ],
            [
              80.019804,
              23.176716
            ],
            [
              80.019791,
              23.17675
            ],
            [
              80.019655,
              23.176706
            ],
            [
              80.019668,
              23.176672
            ],
            [
              80.019644,
              23.176665
            ],
            [
              80.019599,
              23.176781
            ],
            [
              80.019596,
              23.17678
            ],
            [
              80.019583,
              23.176815
            ],
            [
              80.019612,
              23.176824
            ],
            [
              80.01963,
              23.176777
            ],
            [
              80.019766,
              23.176822
            ],
            [
              80.019749,
              23.176868
            ],
            [
              80.019764,
              23.176873
            ],
            [
              80.01978,
              23.176832
            ],
            [
              80.019819,
              23.176845
            ],
            [
              80.019795,
              23.176907
            ],
            [
              80.019766,
              23.176898
            ],
            [
              80.019761,
              23.176912
            ],
            [
              80.019794,
              23.176923
            ],
            [
              80.019744,
              23.177055
            ],
            [
              80.019721,
              23.177048
            ],
            [
              80.019703,
              23.177095
            ],
            [
              80.019634,
              23.177073
            ],
            [
              80.019652,
              23.177025
            ],
            [
              80.019624,
              23.177016
            ],
            [
              80.019675,
              23.176884
            ],
            [
              80.019715,
              23.176897
            ],
            [
              80.019718,
              23.17689
            ],
            [
              80.019529,
              23.176828
            ],
            [
              80.019526,
              23.176836
            ],
            [
              80.019573,
              23.176851
            ],
            [
              80.019523,
              23.17698
            ],
            [
              80.019497,
              23.176972
            ],
            [
              80.019477,
              23.177024
            ],
            [
              80.019411,
              23.177003
            ],
            [
              80.019431,
              23.176951
            ],
            [
              80.019403,
              23.176941
            ],
            [
              80.019453,
              23.176812
            ],
            [
              80.019496,
              23.176826
            ],
            [
              80.019499,
              23.176819
            ],
            [
              80.019314,
              23.176758
            ],
            [
              80.019309,
              23.17677
            ],
            [
              80.019353,
              23.176784
            ],
            [
              80.019305,
              23.176908
            ],
            [
              80.019276,
              23.176898
            ],
            [
              80.019257,
              23.176948
            ],
            [
              80.019194,
              23.176928
            ],
            [
              80.019213,
              23.176878
            ],
            [
              80.019184,
              23.176869
            ],
            [
              80.019232,
              23.176745
            ],
            [
              80.019265,
              23.176755
            ],
            [
              80.019269,
              23.176744
            ],
            [
              80.019114,
              23.176694
            ],
            [
              80.019098,
              23.176736
            ],
            [
              80.019057,
              23.176723
            ],
            [
              80.01907,
              23.176689
            ],
            [
              80.019055,
              23.176685
            ],
            [
              80.019044,
              23.176715
            ],
            [
              80.018914,
              23.176673
            ],
            [
              80.01893,
              23.176632
            ],
            [
              80.018918,
              23.176628
            ],
            [
              80.018913,
              23.17664
            ],
            [
              80.018868,
              23.176625
            ],
            [
              80.01889,
              23.176569
            ],
            [
              80.018935,
              23.176583
            ],
            [
              80.018928,
              23.176602
            ],
            [
              80.01894,
              23.176606
            ],
            [
              80.018957,
              23.176561
            ],
            [
              80.019087,
              23.176603
            ],
            [
              80.019071,
              23.176643
            ],
            [
              80.019086,
              23.176648
            ]
          ],
          [
            [
              80.019125,
              23.176666
            ],
            [
              80.019305,
              23.176724
            ],
            [
              80.019325,
              23.176674
            ],
            [
              80.019464,
              23.176719
            ],
            [
              80.019445,
              23.17677
            ],
            [
              80.019475,
              23.176779
            ],
            [
              80.019492,
              23.176734
            ],
            [
              80.019557,
              23.176755
            ],
            [
              80.01957,
              23.17672
            ],
            [
              80.019522,
              23.176704
            ],
            [
              80.019534,
              23.176674
            ],
            [
              80.019481,
              23.176657
            ],
            [
              80.019529,
              23.176531
            ],
            [
              80.019582,
              23.176548
            ],
            [
              80.019594,
              23.176518
            ],
            [
              80.019642,
              23.176533
            ],
            [
              80.019655,
              23.1765
            ],
            [
              80.01963,
              23.176491
            ],
            [
              80.019639,
              23.176469
            ],
            [
              80.019598,
              23.176456
            ],
            [
              80.019605,
              23.176436
            ],
            [
              80.019545,
              23.176417
            ],
            [
              80.019549,
              23.17647
            ],
            [
              80.019404,
              23.176479
            ],
            [
              80.019401,
              23.176426
            ],
            [
              80.019396,
              23.176426
            ],
            [
              80.019398,
              23.17643
            ],
            [
              80.019338,
              23.176457
            ],
            [
              80.019358,
              23.176495
            ],
            [
              80.019318,
              23.176514
            ],
            [
              80.019296,
              23.176473
            ],
            [
              80.019239,
              23.176499
            ],
            [
              80.019275,
              23.176529
            ],
            [
              80.019178,
              23.176629
            ],
            [
              80.01914,
              23.176598
            ],
            [
              80.019125,
              23.17662
            ],
            [
              80.019116,
              23.176649
            ],
            [
              80.01913,
              23.176653
            ],
            [
              80.019125,
              23.176666
            ]
          ]
        ]
      },
      "bbox": [
        80.018868,
        23.176198,
        80.019999,
        23.177095
      ]
    },
    {
      "type": "Feature",
      "id": "relation/5386278",
      "properties": {
        "timestamp": "2020-03-07T07:18:31Z",
        "version": "2",
        "changeset": "81892111",
        "user": "uknown-gryphus",
        "uid": "2425805",
        "building": "hostel",
        "tourism": "hostel",
        "type": "multipolygon",
        "id": "relation/5386278",
        "name": "Hall of Residence 1 (Block B - Ashoka)",
        "category": "Hostel",
        "description": "Undergraduate Men's Hostel (Hall 1 Block B)"
      },
      "geometry": {
        "type": "Polygon",
        "coordinates": [
          [
            [
              80.020725,
              23.177127
            ],
            [
              80.020702,
              23.177182
            ],
            [
              80.020723,
              23.177189
            ],
            [
              80.020742,
              23.177142
            ],
            [
              80.020871,
              23.177187
            ],
            [
              80.02085,
              23.177238
            ],
            [
              80.02086,
              23.177241
            ],
            [
              80.020871,
              23.177216
            ],
            [
              80.020913,
              23.177231
            ],
            [
              80.020889,
              23.177289
            ],
            [
              80.020847,
              23.177274
            ],
            [
              80.020852,
              23.177261
            ],
            [
              80.020842,
              23.177257
            ],
            [
              80.020826,
              23.177295
            ],
            [
              80.020697,
              23.17725
            ],
            [
              80.020713,
              23.177214
            ],
            [
              80.020698,
              23.177209
            ],
            [
              80.020679,
              23.177255
            ],
            [
              80.020638,
              23.177241
            ],
            [
              80.020657,
              23.177194
            ],
            [
              80.020491,
              23.177136
            ],
            [
              80.020482,
              23.177159
            ],
            [
              80.020524,
              23.177173
            ],
            [
              80.020476,
              23.177288
            ],
            [
              80.020437,
              23.177275
            ],
            [
              80.020431,
              23.177288
            ],
            [
              80.020449,
              23.177295
            ],
            [
              80.020434,
              23.177331
            ],
            [
              80.020367,
              23.177307
            ],
            [
              80.020382,
              23.177271
            ],
            [
              80.020398,
              23.177277
            ],
            [
              80.020404,
              23.177263
            ],
            [
              80.020363,
              23.177249
            ],
            [
              80.020411,
              23.177134
            ],
            [
              80.020449,
              23.177147
            ],
            [
              80.020457,
              23.177128
            ],
            [
              80.020411,
              23.177112
            ],
            [
              80.020343,
              23.177284
            ],
            [
              80.020256,
              23.177255
            ],
            [
              80.020324,
              23.177081
            ],
            [
              80.020305,
              23.177075
            ],
            [
              80.0203,
              23.177087
            ],
            [
              80.020275,
              23.177078
            ],
            [
              80.020271,
              23.177087
            ],
            [
              80.020307,
              23.177099
            ],
            [
              80.020256,
              23.177221
            ],
            [
              80.02022,
              23.177209
            ],
            [
              80.020213,
              23.177226
            ],
            [
              80.020227,
              23.177231
            ],
            [
              80.020213,
              23.177264
            ],
            [
              80.020152,
              23.177242
            ],
            [
              80.020165,
              23.177209
            ],
            [
              80.02018,
              23.177215
            ],
            [
              80.020188,
              23.177197
            ],
            [
              80.020147,
              23.177183
            ],
            [
              80.020198,
              23.177061
            ],
            [
              80.020232,
              23.177073
            ],
            [
              80.020235,
              23.177064
            ],
            [
              80.020048,
              23.176998
            ],
            [
              80.020039,
              23.17702
            ],
            [
              80.020089,
              23.177038
            ],
            [
              80.020042,
              23.17715
            ],
            [
              80.019999,
              23.177135
            ],
            [
              80.019992,
              23.177151
            ],
            [
              80.020009,
              23.177157
            ],
            [
              80.019995,
              23.177193
            ],
            [
              80.019932,
              23.17717
            ],
            [
              80.019946,
              23.177135
            ],
            [
              80.019962,
              23.177141
            ],
            [
              80.019968,
              23.177125
            ],
            [
              80.019933,
              23.177112
            ],
            [
              80.01998,
              23.176999
            ],
            [
              80.02001,
              23.17701
            ],
            [
              80.020019,
              23.176987
            ],
            [
              80.019984,
              23.176975
            ],
            [
              80.020013,
              23.176907
            ],
            [
              80.020051,
              23.176921
            ],
            [
              80.020033,
              23.176966
            ],
            [
              80.020043,
              23.176969
            ],
            [
              80.020061,
              23.176924
            ],
            [
              80.020202,
              23.176974
            ],
            [
              80.020188,
              23.177009
            ],
            [
              80.020207,
              23.177016
            ],
            [
              80.020269,
              23.176867
            ],
            [
              80.02024,
              23.176857
            ],
            [
              80.020225,
              23.176894
            ],
            [
              80.020093,
              23.176848
            ],
            [
              80.020108,
              23.176811
            ],
            [
              80.020098,
              23.176807
            ],
            [
              80.020092,
              23.176822
            ],
            [
              80.020053,
              23.176809
            ],
            [
              80.020078,
              23.176749
            ],
            [
              80.020119,
              23.176763
            ],
            [
              80.020111,
              23.176782
            ],
            [
              80.020121,
              23.176785
            ],
            [
              80.02014,
              23.176738
            ],
            [
              80.020268,
              23.176783
            ],
            [
              80.020248,
              23.17683
            ],
            [
              80.02028,
              23.176841
            ],
            [
              80.020326,
              23.17673
            ],
            [
              80.020322,
              23.176728
            ],
            [
              80.020343,
              23.176677
            ],
            [
              80.020316,
              23.176667
            ],
            [
              80.020295,
              23.176717
            ],
            [
              80.020161,
              23.17667
            ],
            [
              80.020182,
              23.17662
            ],
            [
              80.020166,
              23.176614
            ],
            [
              80.020147,
              23.176659
            ],
            [
              80.020106,
              23.176645
            ],
            [
              80.020134,
              23.176579
            ],
            [
              80.020166,
              23.176591
            ],
            [
              80.020171,
              23.176579
            ],
            [
              80.020138,
              23.176568
            ],
            [
              80.020188,
              23.176448
            ],
            [
              80.020223,
              23.17646
            ],
            [
              80.020227,
              23.176451
            ],
            [
              80.020214,
              23.176446
            ],
            [
              80.020232,
              23.176404
            ],
            [
              80.020289,
              23.176425
            ],
            [
              80.020272,
              23.176467
            ],
            [
              80.020257,
              23.176462
            ],
            [
              80.020254,
              23.176471
            ],
            [
              80.020297,
              23.176486
            ],
            [
              80.020247,
              23.176606
            ],
            [
              80.020208,
              23.176592
            ],
            [
              80.020203,
              23.176604
            ],
            [
              80.020317,
              23.176644
            ],
            [
              80.020337,
              23.176595
            ],
            [
              80.020326,
              23.176591
            ],
            [
              80.020361,
              23.176508
            ],
            [
              80.020424,
              23.17653
            ],
            [
              80.020444,
              23.176483
            ],
            [
              80.020478,
              23.176495
            ],
            [
              80.0205,
              23.176503
            ],
            [
              80.020483,
              23.176545
            ],
            [
              80.020542,
              23.176566
            ],
            [
              80.02049,
              23.176691
            ],
            [
              80.020563,
              23.176748
            ],
            [
              80.020571,
              23.17674
            ],
            [
              80.020543,
              23.176717
            ],
            [
              80.020642,
              23.176617
            ],
            [
              80.020672,
              23.176642
            ],
            [
              80.020676,
              23.176638
            ],
            [
              80.02066,
              23.176625
            ],
            [
              80.020695,
              23.176588
            ],
            [
              80.020747,
              23.176631
            ],
            [
              80.020711,
              23.176667
            ],
            [
              80.020699,
              23.176657
            ],
            [
              80.020695,
              23.176661
            ],
            [
              80.020729,
              23.176689
            ],
            [
              80.02063,
              23.176789
            ],
            [
              80.020599,
              23.176764
            ],
            [
              80.020592,
              23.176771
            ],
            [
              80.02065,
              23.176817
            ],
            [
              80.020677,
              23.176872
            ],
            [
              80.020683,
              23.176869
            ],
            [
              80.020664,
              23.176835
            ],
            [
              80.020794,
              23.176775
            ],
            [
              80.020815,
              23.176814
            ],
            [
              80.020821,
              23.176811
            ],
            [
              80.020814,
              23.176797
            ],
            [
              80.020863,
              23.176773
            ],
            [
              80.020894,
              23.176829
            ],
            [
              80.020844,
              23.176852
            ],
            [
              80.020839,
              23.176842
            ],
            [
              80.020832,
              23.176845
            ],
            [
              80.020849,
              23.176876
            ],
            [
              80.02072,
              23.176936
            ],
            [
              80.020699,
              23.176898
            ],
            [
              80.020693,
              23.176901
            ],
            [
              80.020723,
              23.176963
            ],
            [
              80.020724,
              23.177026
            ],
            [
              80.020735,
              23.177026
            ],
            [
              80.020732,
              23.176976
            ],
            [
              80.020876,
              23.176969
            ],
            [
              80.020879,
              23.177022
            ],
            [
              80.020886,
              23.177021
            ],
            [
              80.020884,
              23.176997
            ],
            [
              80.020938,
              23.176994
            ],
            [
              80.020941,
              23.177058
            ],
            [
              80.020888,
              23.177061
            ],
            [
              80.020887,
              23.177049
            ],
            [
              80.020881,
              23.177049
            ],
            [
              80.020883,
              23.177088
            ],
            [
              80.020738,
              23.177095
            ],
            [
              80.020736,
              23.177056
            ],
            [
              80.020724,
              23.177056
            ],
            [
              80.020725,
              23.177127
            ]
          ],
          [
            [
              80.020633,
              23.176879
            ],
            [
              80.020646,
              23.176873
            ],
            [
              80.020634,
              23.176847
            ],
            [
              80.020617,
              23.176822
            ],
            [
              80.020579,
              23.176861
            ],
            [
              80.020471,
              23.17677
            ],
            [
              80.020504,
              23.176734
            ],
            [
              80.020451,
              23.176712
            ],
            [
              80.020442,
              23.176731
            ],
            [
              80.020412,
              23.17672
            ],
            [
              80.020418,
              23.176705
            ],
            [
              80.020364,
              23.176686
            ],
            [
              80.020358,
              23.1767
            ],
            [
              80.020402,
              23.176715
            ],
            [
              80.02039,
              23.176745
            ],
            [
              80.020367,
              23.176737
            ],
            [
              80.020352,
              23.176774
            ],
            [
              80.020399,
              23.17679
            ],
            [
              80.020391,
              23.176808
            ],
            [
              80.020446,
              23.176828
            ],
            [
              80.020392,
              23.176957
            ],
            [
              80.020344,
              23.17694
            ],
            [
              80.020332,
              23.176968
            ],
            [
              80.020283,
              23.176951
            ],
            [
              80.020264,
              23.176996
            ],
            [
              80.020292,
              23.177006
            ],
            [
              80.020299,
              23.176991
            ],
            [
              80.020343,
              23.177006
            ],
            [
              80.020326,
              23.177047
            ],
            [
              80.020346,
              23.177054
            ],
            [
              80.020362,
              23.177015
            ],
            [
              80.020498,
              23.177063
            ],
            [
              80.020481,
              23.177104
            ],
            [
              80.020677,
              23.177173
            ],
            [
              80.020699,
              23.177118
            ],
            [
              80.0207,
              23.177118
            ],
            [
              80.020699,
              23.177106
            ],
            [
              80.020648,
              23.177108
            ],
            [
              80.020641,
              23.176983
            ],
            [
              80.020698,
              23.17698
            ],
            [
              80.020683,
              23.176941
            ],
            [
              80.02067,
              23.176921
            ],
            [
              80.020659,
              23.176926
            ],
            [
              80.020657,
              23.176922
            ],
            [
              80.020627,
              23.176935
            ],
            [
              80.020611,
              23.176906
            ],
            [
              80.020641,
              23.176892
            ],
            [
              80.020633,
              23.176879
            ]
          ]
        ]
      },
      "bbox": [
        80.019932,
        23.176404,
        80.020941,
        23.177331
      ]
    },
    {
      "type": "Feature",
      "id": "relation/5386279",
      "properties": {
        "timestamp": "2015-07-23T11:41:38Z",
        "version": "1",
        "changeset": "32823700",
        "user": "maheshrkm",
        "uid": "2897465",
        "building": "hostel",
        "type": "multipolygon",
        "id": "relation/5386279",
        "name": "Nagarjuna Hall of Residence (Hall 3)",
        "category": "Hostel",
        "description": "Postgraduate & Senior Student Residence"
      },
      "geometry": {
        "type": "Polygon",
        "coordinates": [
          [
            [
              80.020556,
              23.175377
            ],
            [
              80.020501,
              23.175385
            ],
            [
              80.020505,
              23.175412
            ],
            [
              80.020545,
              23.175406
            ],
            [
              80.020555,
              23.175464
            ],
            [
              80.020456,
              23.175478
            ],
            [
              80.020447,
              23.17542
            ],
            [
              80.020482,
              23.175415
            ],
            [
              80.020478,
              23.175388
            ],
            [
              80.020471,
              23.175389
            ],
            [
              80.020474,
              23.175405
            ],
            [
              80.020409,
              23.175414
            ],
            [
              80.020401,
              23.175365
            ],
            [
              80.020466,
              23.175356
            ],
            [
              80.020467,
              23.175365
            ],
            [
              80.020474,
              23.175364
            ],
            [
              80.02047,
              23.175341
            ],
            [
              80.020426,
              23.175347
            ],
            [
              80.020415,
              23.175277
            ],
            [
              80.020454,
              23.175272
            ],
            [
              80.020448,
              23.175234
            ],
            [
              80.020405,
              23.17524
            ],
            [
              80.020396,
              23.175183
            ],
            [
              80.020434,
              23.175178
            ],
            [
              80.020431,
              23.175163
            ],
            [
              80.020362,
              23.175173
            ],
            [
              80.020354,
              23.175124
            ],
            [
              80.020385,
              23.17512
            ],
            [
              80.020382,
              23.175101
            ],
            [
              80.02052,
              23.175082
            ],
            [
              80.020521,
              23.175093
            ],
            [
              80.020557,
              23.175088
            ],
            [
              80.02056,
              23.175104
            ],
            [
              80.020617,
              23.175096
            ],
            [
              80.020611,
              23.175059
            ],
            [
              80.020677,
              23.17505
            ],
            [
              80.020684,
              23.175091
            ],
            [
              80.02073,
              23.175084
            ],
            [
              80.020723,
              23.175041
            ],
            [
              80.020813,
              23.175029
            ],
            [
              80.020825,
              23.175103
            ],
            [
              80.020759,
              23.175113
            ],
            [
              80.02076,
              23.175124
            ],
            [
              80.020809,
              23.175118
            ],
            [
              80.020818,
              23.175173
            ],
            [
              80.02077,
              23.175179
            ],
            [
              80.020777,
              23.175223
            ],
            [
              80.020814,
              23.175218
            ],
            [
              80.020824,
              23.175281
            ],
            [
              80.020801,
              23.175284
            ],
            [
              80.020804,
              23.1753
            ],
            [
              80.020828,
              23.175297
            ],
            [
              80.02084,
              23.175371
            ],
            [
              80.020781,
              23.175379
            ],
            [
              80.020774,
              23.175337
            ],
            [
              80.020731,
              23.175343
            ],
            [
              80.020738,
              23.175384
            ],
            [
              80.020677,
              23.175392
            ],
            [
              80.02067,
              23.175352
            ],
            [
              80.020611,
              23.17536
            ],
            [
              80.020617,
              23.175397
            ],
            [
              80.020561,
              23.175405
            ],
            [
              80.020556,
              23.175377
            ]
          ],
          [
            [
              80.020667,
              23.175332
            ],
            [
              80.020661,
              23.175296
            ],
            [
              80.020722,
              23.175287
            ],
            [
              80.020728,
              23.175324
            ],
            [
              80.02077,
              23.175318
            ],
            [
              80.020768,
              23.175305
            ],
            [
              80.020788,
              23.175302
            ],
            [
              80.020785,
              23.175287
            ],
            [
              80.020765,
              23.17529
            ],
            [
              80.020756,
              23.175236
            ],
            [
              80.020708,
              23.175242
            ],
            [
              80.020698,
              23.175181
            ],
            [
              80.020745,
              23.175175
            ],
            [
              80.020733,
              23.175101
            ],
            [
              80.020687,
              23.175108
            ],
            [
              80.020692,
              23.175143
            ],
            [
              80.020626,
              23.175152
            ],
            [
              80.020621,
              23.175123
            ],
            [
              80.020564,
              23.175131
            ],
            [
              80.020569,
              23.17516
            ],
            [
              80.020499,
              23.17517
            ],
            [
              80.020495,
              23.175142
            ],
            [
              80.020455,
              23.175147
            ],
            [
              80.020457,
              23.175159
            ],
            [
              80.020454,
              23.17516
            ],
            [
              80.020456,
              23.175175
            ],
            [
              80.020491,
              23.17517
            ],
            [
              80.020501,
              23.175226
            ],
            [
              80.02047,
              23.175231
            ],
            [
              80.020476,
              23.175268
            ],
            [
              80.020517,
              23.175263
            ],
            [
              80.020528,
              23.175333
            ],
            [
              80.020493,
              23.175338
            ],
            [
              80.020497,
              23.175361
            ],
            [
              80.020552,
              23.175354
            ],
            [
              80.020546,
              23.175316
            ],
            [
              80.020603,
              23.175308
            ],
            [
              80.020608,
              23.175341
            ],
            [
              80.020667,
              23.175332
            ]
          ]
        ]
      },
      "bbox": [
        80.020354,
        23.175029,
        80.02084,
        23.175478
      ]
    },
    {
      "type": "Feature",
      "id": "relation/20151813",
      "properties": {
        "timestamp": "2026-01-30T08:10:17Z",
        "version": "1",
        "changeset": "177878409",
        "user": "Wildsharky",
        "uid": "16577436",
        "building": "hostel",
        "name": "Maa Saraswati Hall of Residence (Hall 2)",
        "type": "multipolygon",
        "id": "relation/20151813",
        "category": "Hostel",
        "description": "Women's Hall of Residence (Hall 2)"
      },
      "geometry": {
        "type": "Polygon",
        "coordinates": [
          [
            [
              80.021988,
              23.175239
            ],
            [
              80.022,
              23.175151
            ],
            [
              80.022025,
              23.175154
            ],
            [
              80.022027,
              23.175135
            ],
            [
              80.022094,
              23.175143
            ],
            [
              80.022093,
              23.175153
            ],
            [
              80.022105,
              23.175154
            ],
            [
              80.022138,
              23.174905
            ],
            [
              80.021974,
              23.174887
            ],
            [
              80.021974,
              23.174735
            ],
            [
              80.022001,
              23.174689
            ],
            [
              80.022153,
              23.174706
            ],
            [
              80.022152,
              23.174714
            ],
            [
              80.022185,
              23.174718
            ],
            [
              80.022178,
              23.174769
            ],
            [
              80.022203,
              23.174772
            ],
            [
              80.022192,
              23.17485
            ],
            [
              80.022302,
              23.174863
            ],
            [
              80.022305,
              23.174841
            ],
            [
              80.022426,
              23.174854
            ],
            [
              80.022426,
              23.174858
            ],
            [
              80.022456,
              23.174862
            ],
            [
              80.02246,
              23.174833
            ],
            [
              80.022443,
              23.174831
            ],
            [
              80.022451,
              23.174774
            ],
            [
              80.022463,
              23.174776
            ],
            [
              80.022468,
              23.174742
            ],
            [
              80.022577,
              23.174755
            ],
            [
              80.02256,
              23.174887
            ],
            [
              80.022601,
              23.174891
            ],
            [
              80.02259,
              23.17497
            ],
            [
              80.022562,
              23.174967
            ],
            [
              80.022546,
              23.175086
            ],
            [
              80.022518,
              23.175083
            ],
            [
              80.022513,
              23.17512
            ],
            [
              80.02253,
              23.175122
            ],
            [
              80.022515,
              23.175232
            ],
            [
              80.022435,
              23.175223
            ],
            [
              80.022433,
              23.175243
            ],
            [
              80.022371,
              23.175236
            ],
            [
              80.022367,
              23.175266
            ],
            [
              80.022209,
              23.175248
            ],
            [
              80.022205,
              23.175281
            ],
            [
              80.02212,
              23.175271
            ],
            [
              80.022122,
              23.175254
            ],
            [
              80.021988,
              23.175239
            ]
          ],
          [
            [
              80.022231,
              23.174901
            ],
            [
              80.02218,
              23.17494
            ],
            [
              80.022173,
              23.174976
            ],
            [
              80.022223,
              23.174976
            ],
            [
              80.022215,
              23.175041
            ],
            [
              80.022242,
              23.175037
            ],
            [
              80.022237,
              23.1751
            ],
            [
              80.022213,
              23.175098
            ],
            [
              80.022205,
              23.175162
            ],
            [
              80.022259,
              23.175164
            ],
            [
              80.022262,
              23.175142
            ],
            [
              80.022332,
              23.175144
            ],
            [
              80.022328,
              23.175162
            ],
            [
              80.022356,
              23.175168
            ],
            [
              80.022392,
              23.175144
            ],
            [
              80.022369,
              23.175125
            ],
            [
              80.022397,
              23.175103
            ],
            [
              80.022417,
              23.175114
            ],
            [
              80.022454,
              23.175087
            ],
            [
              80.022456,
              23.17506
            ],
            [
              80.022425,
              23.175058
            ],
            [
              80.022427,
              23.175001
            ],
            [
              80.022455,
              23.174998
            ],
            [
              80.022459,
              23.174952
            ],
            [
              80.022396,
              23.174949
            ],
            [
              80.022394,
              23.174968
            ],
            [
              80.022324,
              23.174966
            ],
            [
              80.022324,
              23.174945
            ],
            [
              80.022264,
              23.174942
            ],
            [
              80.022268,
              23.174904
            ],
            [
              80.022231,
              23.174901
            ]
          ]
        ]
      },
      "bbox": [
        80.021974,
        23.174689,
        80.022601,
        23.175281
      ]
    },
    {
      "type": "Feature",
      "id": "way/131173717",
      "properties": {
        "timestamp": "2011-09-24T07:53:21Z",
        "version": "1",
        "changeset": "9382118",
        "user": "indigomc",
        "uid": "136860",
        "natural": "water",
        "source:position": "Bing Imagery 2011",
        "source:tracer": "scanaerial",
        "source:zoomlevel": "16",
        "id": "way/131173717",
        "name": "Hall 1 Recreation Lawn & Court",
        "leisure": "park",
        "category": "Sports"
      },
      "geometry": {
        "type": "Polygon",
        "coordinates": [
          [
            [
              80.018706,
              23.177075
            ],
            [
              80.018878,
              23.177154
            ],
            [
              80.018964,
              23.177154
            ],
            [
              80.019136,
              23.177312
            ],
            [
              80.019307,
              23.177391
            ],
            [
              80.019608,
              23.17743
            ],
            [
              80.019736,
              23.177509
            ],
            [
              80.019951,
              23.177548
            ],
            [
              80.020166,
              23.177509
            ],
            [
              80.020273,
              23.177647
            ],
            [
              80.020123,
              23.177746
            ],
            [
              80.019908,
              23.177706
            ],
            [
              80.019779,
              23.177825
            ],
            [
              80.019693,
              23.177785
            ],
            [
              80.019565,
              23.177825
            ],
            [
              80.019393,
              23.177825
            ],
            [
              80.01935,
              23.177785
            ],
            [
              80.019178,
              23.177825
            ],
            [
              80.018964,
              23.177785
            ],
            [
              80.018942,
              23.177686
            ],
            [
              80.018835,
              23.177588
            ],
            [
              80.018792,
              23.177627
            ],
            [
              80.018663,
              23.177588
            ],
            [
              80.018513,
              23.177371
            ],
            [
              80.018513,
              23.177134
            ],
            [
              80.018621,
              23.177036
            ],
            [
              80.018706,
              23.177075
            ]
          ]
        ]
      },
      "bbox": [
        80.018513,
        23.177036,
        80.020273,
        23.177825
      ]
    },
    {
      "type": "Feature",
      "id": "way/361881062",
      "properties": {
        "timestamp": "2015-07-23T11:41:33Z",
        "version": "1",
        "changeset": "32823700",
        "user": "maheshrkm",
        "uid": "2897465",
        "building": "residential",
        "id": "way/361881062",
        "name": "Director's Bungalow & Residence",
        "category": "Administration"
      },
      "geometry": {
        "type": "Polygon",
        "coordinates": [
          [
            [
              80.027542,
              23.175038
            ],
            [
              80.027571,
              23.175003
            ],
            [
              80.027638,
              23.175049
            ],
            [
              80.027676,
              23.175003
            ],
            [
              80.027716,
              23.175032
            ],
            [
              80.027678,
              23.175078
            ],
            [
              80.027708,
              23.175098
            ],
            [
              80.027645,
              23.175175
            ],
            [
              80.027568,
              23.175121
            ],
            [
              80.027602,
              23.17508
            ],
            [
              80.027542,
              23.175038
            ]
          ]
        ]
      },
      "bbox": [
        80.027542,
        23.175003,
        80.027716,
        23.175175
      ]
    },
    {
      "type": "Feature",
      "id": "way/361881063",
      "properties": {
        "timestamp": "2026-02-01T07:42:03Z",
        "version": "4",
        "changeset": "177953483",
        "user": "Sameeksha Chinta",
        "uid": "23775155",
        "access": "private",
        "building": "activity_centre",
        "club": "sport",
        "name": "Student Activity Centre (SAC)",
        "sport": "basketball;badminton",
        "id": "way/361881063",
        "category": "Student Hub",
        "description": "Indoor Gym, Cultural Clubs, Robotics & Student Council"
      },
      "geometry": {
        "type": "Polygon",
        "coordinates": [
          [
            [
              80.022772,
              23.176251
            ],
            [
              80.02284,
              23.176195
            ],
            [
              80.022817,
              23.176172
            ],
            [
              80.022835,
              23.176137
            ],
            [
              80.022774,
              23.176093
            ],
            [
              80.022859,
              23.176059
            ],
            [
              80.022895,
              23.175979
            ],
            [
              80.022982,
              23.176061
            ],
            [
              80.023022,
              23.176025
            ],
            [
              80.023331,
              23.176315
            ],
            [
              80.02326,
              23.176379
            ],
            [
              80.023091,
              23.176532
            ],
            [
              80.023053,
              23.176496
            ],
            [
              80.023043,
              23.176505
            ],
            [
              80.022772,
              23.176251
            ]
          ]
        ]
      },
      "bbox": [
        80.022772,
        23.175979,
        80.023331,
        23.176532
      ]
    },
    {
      "type": "Feature",
      "id": "way/361881064",
      "properties": {
        "timestamp": "2015-07-23T11:41:33Z",
        "version": "1",
        "changeset": "32823700",
        "user": "maheshrkm",
        "uid": "2897465",
        "building": "academic",
        "id": "way/361881064",
        "name": "Lecture Hall Complex (LHC)",
        "category": "Academic",
        "description": "Main Lecture Theatres (LHC 101 - 106) & Classrooms"
      },
      "geometry": {
        "type": "Polygon",
        "coordinates": [
          [
            [
              80.025553,
              23.178705
            ],
            [
              80.025594,
              23.17864
            ],
            [
              80.025632,
              23.178661
            ],
            [
              80.025813,
              23.178372
            ],
            [
              80.025823,
              23.178378
            ],
            [
              80.025844,
              23.178344
            ],
            [
              80.025998,
              23.178425
            ],
            [
              80.025977,
              23.178459
            ],
            [
              80.025989,
              23.178465
            ],
            [
              80.025809,
              23.178753
            ],
            [
              80.025712,
              23.178701
            ],
            [
              80.025671,
              23.178767
            ],
            [
              80.025553,
              23.178705
            ]
          ]
        ]
      },
      "bbox": [
        80.025553,
        23.178344,
        80.025998,
        23.178767
      ]
    },
    {
      "type": "Feature",
      "id": "way/361881066",
      "properties": {
        "timestamp": "2015-07-23T11:41:33Z",
        "version": "1",
        "changeset": "32823700",
        "user": "maheshrkm",
        "uid": "2897465",
        "building": "service",
        "id": "way/361881066",
        "name": "Campus Electrical Substation & Utility Zone",
        "category": "Facility"
      },
      "geometry": {
        "type": "Polygon",
        "coordinates": [
          [
            [
              80.016695,
              23.176124
            ],
            [
              80.016631,
              23.176101
            ],
            [
              80.016652,
              23.176051
            ],
            [
              80.016635,
              23.176045
            ],
            [
              80.016631,
              23.176056
            ],
            [
              80.016569,
              23.176034
            ],
            [
              80.016573,
              23.176025
            ],
            [
              80.016512,
              23.176003
            ],
            [
              80.016537,
              23.175944
            ],
            [
              80.016523,
              23.175939
            ],
            [
              80.01655,
              23.175875
            ],
            [
              80.016643,
              23.175908
            ],
            [
              80.016617,
              23.17597
            ],
            [
              80.016677,
              23.175991
            ],
            [
              80.016689,
              23.175964
            ],
            [
              80.016715,
              23.175974
            ],
            [
              80.016726,
              23.175948
            ],
            [
              80.016763,
              23.175961
            ],
            [
              80.016695,
              23.176124
            ]
          ]
        ]
      },
      "bbox": [
        80.016512,
        23.175875,
        80.016763,
        23.176124
      ]
    },
    {
      "type": "Feature",
      "id": "way/361881067",
      "properties": {
        "timestamp": "2026-02-01T07:33:04Z",
        "version": "2",
        "changeset": "177953333",
        "user": "Sameeksha Chinta",
        "uid": "23775155",
        "building": "service",
        "id": "way/361881067",
        "name": "Campus Estate & Maintenance Office",
        "category": "Facility"
      },
      "geometry": {
        "type": "Polygon",
        "coordinates": [
          [
            [
              80.026551,
              23.176242
            ],
            [
              80.026491,
              23.176225
            ],
            [
              80.026472,
              23.176184
            ],
            [
              80.026433,
              23.176208
            ],
            [
              80.026407,
              23.176158
            ],
            [
              80.026328,
              23.176193
            ],
            [
              80.0263,
              23.176139
            ],
            [
              80.026264,
              23.176155
            ],
            [
              80.026224,
              23.17608
            ],
            [
              80.02626,
              23.176064
            ],
            [
              80.026233,
              23.176013
            ],
            [
              80.026386,
              23.175945
            ],
            [
              80.026395,
              23.175962
            ],
            [
              80.026623,
              23.17586
            ],
            [
              80.026733,
              23.176068
            ],
            [
              80.026764,
              23.176054
            ],
            [
              80.026834,
              23.176187
            ],
            [
              80.026775,
              23.176213
            ],
            [
              80.026791,
              23.176243
            ],
            [
              80.026715,
              23.176278
            ],
            [
              80.026699,
              23.176247
            ],
            [
              80.026635,
              23.176276
            ],
            [
              80.026601,
              23.176212
            ],
            [
              80.026551,
              23.176242
            ]
          ]
        ]
      },
      "bbox": [
        80.026224,
        23.17586,
        80.026834,
        23.176278
      ]
    },
    {
      "type": "Feature",
      "id": "way/361881068",
      "properties": {
        "timestamp": "2026-02-01T07:42:03Z",
        "version": "4",
        "changeset": "177953483",
        "user": "Sameeksha Chinta",
        "uid": "23775155",
        "building": "hostel",
        "tourism": "hostel",
        "id": "way/361881068",
        "name": "Hall of Residence 4 (Panini Hostel)",
        "category": "Hostel",
        "description": "Men's Hall of Residence 4 (Triple Seater & Single Rooms)"
      },
      "geometry": {
        "type": "Polygon",
        "coordinates": [
          [
            [
              80.0227,
              23.178292
            ],
            [
              80.022735,
              23.17828
            ],
            [
              80.02276,
              23.17834
            ],
            [
              80.02273,
              23.178351
            ],
            [
              80.022746,
              23.178379
            ],
            [
              80.022774,
              23.178415
            ],
            [
              80.0228,
              23.178445
            ],
            [
              80.022826,
              23.178465
            ],
            [
              80.022847,
              23.178442
            ],
            [
              80.022894,
              23.17848
            ],
            [
              80.022873,
              23.178503
            ],
            [
              80.022905,
              23.178523
            ],
            [
              80.022914,
              23.178503
            ],
            [
              80.022976,
              23.178526
            ],
            [
              80.022966,
              23.17855
            ],
            [
              80.023017,
              23.17856
            ],
            [
              80.023022,
              23.178531
            ],
            [
              80.023096,
              23.178539
            ],
            [
              80.023084,
              23.178624
            ],
            [
              80.02301,
              23.178615
            ],
            [
              80.023014,
              23.178584
            ],
            [
              80.022969,
              23.178576
            ],
            [
              80.022951,
              23.17862
            ],
            [
              80.022989,
              23.178635
            ],
            [
              80.022962,
              23.178694
            ],
            [
              80.022949,
              23.178689
            ],
            [
              80.022924,
              23.178752
            ],
            [
              80.022937,
              23.178764
            ],
            [
              80.02295,
              23.178751
            ],
            [
              80.023008,
              23.178801
            ],
            [
              80.022995,
              23.178814
            ],
            [
              80.02304,
              23.178853
            ],
            [
              80.022966,
              23.178925
            ],
            [
              80.022921,
              23.178886
            ],
            [
              80.022912,
              23.178894
            ],
            [
              80.022872,
              23.178858
            ],
            [
              80.022849,
              23.178812
            ],
            [
              80.022786,
              23.178757
            ],
            [
              80.022852,
              23.178693
            ],
            [
              80.022866,
              23.178656
            ],
            [
              80.022844,
              23.178647
            ],
            [
              80.022871,
              23.178588
            ],
            [
              80.02289,
              23.178596
            ],
            [
              80.022907,
              23.178554
            ],
            [
              80.022856,
              23.178521
            ],
            [
              80.022831,
              23.178547
            ],
            [
              80.022784,
              23.17851
            ],
            [
              80.022807,
              23.178486
            ],
            [
              80.022778,
              23.178459
            ],
            [
              80.022771,
              23.178451
            ],
            [
              80.022726,
              23.178485
            ],
            [
              80.02275,
              23.178516
            ],
            [
              80.022694,
              23.178553
            ],
            [
              80.022686,
              23.178543
            ],
            [
              80.022629,
              23.178585
            ],
            [
              80.022634,
              23.178601
            ],
            [
              80.022652,
              23.178596
            ],
            [
              80.022674,
              23.178667
            ],
            [
              80.022655,
              23.178672
            ],
            [
              80.022672,
              23.178727
            ],
            [
              80.022568,
              23.178753
            ],
            [
              80.022551,
              23.178698
            ],
            [
              80.02254,
              23.178701
            ],
            [
              80.022525,
              23.178651
            ],
            [
              80.022531,
              23.178601
            ],
            [
              80.022508,
              23.178524
            ],
            [
              80.022599,
              23.1785
            ],
            [
              80.022633,
              23.178475
            ],
            [
              80.022619,
              23.178457
            ],
            [
              80.022675,
              23.17842
            ],
            [
              80.022687,
              23.178435
            ],
            [
              80.022732,
              23.178402
            ],
            [
              80.022722,
              23.178389
            ],
            [
              80.022705,
              23.178359
            ],
            [
              80.022672,
              23.178371
            ],
            [
              80.022647,
              23.17831
            ],
            [
              80.022682,
              23.178298
            ],
            [
              80.022676,
              23.178254
            ],
            [
              80.022615,
              23.178258
            ],
            [
              80.022616,
              23.178296
            ],
            [
              80.022547,
              23.178297
            ],
            [
              80.022546,
              23.178285
            ],
            [
              80.022473,
              23.17829
            ],
            [
              80.022467,
              23.178306
            ],
            [
              80.022485,
              23.178311
            ],
            [
              80.02246,
              23.178381
            ],
            [
              80.02245,
              23.178378
            ],
            [
              80.02243,
              23.178432
            ],
            [
              80.02232,
              23.178397
            ],
            [
              80.02234,
              23.178343
            ],
            [
              80.022329,
              23.178339
            ],
            [
              80.022347,
              23.17829
            ],
            [
              80.022383,
              23.178252
            ],
            [
              80.022411,
              23.178177
            ],
            [
              80.022501,
              23.178205
            ],
            [
              80.022545,
              23.178202
            ],
            [
              80.022544,
              23.178179
            ],
            [
              80.022613,
              23.178178
            ],
            [
              80.022614,
              23.178197
            ],
            [
              80.022668,
              23.178193
            ],
            [
              80.022678,
              23.178147
            ],
            [
              80.022684,
              23.178123
            ],
            [
              80.022519,
              23.178066
            ],
            [
              80.022511,
              23.178085
            ],
            [
              80.022455,
              23.178066
            ],
            [
              80.022479,
              23.178004
            ],
            [
              80.0225,
              23.178011
            ],
            [
              80.022507,
              23.177992
            ],
            [
              80.022464,
              23.177977
            ],
            [
              80.022474,
              23.177951
            ],
            [
              80.022483,
              23.177931
            ],
            [
              80.022505,
              23.177939
            ],
            [
              80.022524,
              23.177893
            ],
            [
              80.022583,
              23.177914
            ],
            [
              80.022576,
              23.177933
            ],
            [
              80.022749,
              23.177992
            ],
            [
              80.022768,
              23.177961
            ],
            [
              80.022793,
              23.177934
            ],
            [
              80.022794,
              23.177935
            ],
            [
              80.022807,
              23.177918
            ],
            [
              80.022763,
              23.177888
            ],
            [
              80.022749,
              23.177918
            ],
            [
              80.022683,
              23.177892
            ],
            [
              80.022729,
              23.177795
            ],
            [
              80.022719,
              23.177791
            ],
            [
              80.02275,
              23.177725
            ],
            [
              80.022763,
              23.17773
            ],
            [
              80.022777,
              23.177701
            ],
            [
              80.022776,
              23.177615
            ],
            [
              80.022894,
              23.177613
            ],
            [
              80.022894,
              23.177602
            ],
            [
              80.022972,
              23.1776
            ],
            [
              80.022972,
              23.177618
            ],
            [
              80.023035,
              23.177617
            ],
            [
              80.023037,
              23.17771
            ],
            [
              80.022972,
              23.177711
            ],
            [
              80.022973,
              23.177723
            ],
            [
              80.022897,
              23.177724
            ],
            [
              80.022897,
              23.177705
            ],
            [
              80.022875,
              23.177705
            ],
            [
              80.022847,
              23.177764
            ],
            [
              80.022865,
              23.177771
            ],
            [
              80.022836,
              23.177832
            ],
            [
              80.022797,
              23.177817
            ],
            [
              80.022777,
              23.177859
            ],
            [
              80.022826,
              23.177892
            ],
            [
              80.022842,
              23.177871
            ],
            [
              80.022896,
              23.177906
            ],
            [
              80.022875,
              23.177934
            ],
            [
              80.022901,
              23.177963
            ],
            [
              80.022915,
              23.17798
            ],
            [
              80.022963,
              23.177948
            ],
            [
              80.022954,
              23.177937
            ],
            [
              80.023017,
              23.177896
            ],
            [
              80.023026,
              23.177907
            ],
            [
              80.023068,
              23.177879
            ],
            [
              80.023114,
              23.177818
            ],
            [
              80.023214,
              23.177882
            ],
            [
              80.023219,
              23.177875
            ],
            [
              80.023276,
              23.177912
            ],
            [
              80.023271,
              23.177919
            ],
            [
              80.023319,
              23.17795
            ],
            [
              80.023261,
              23.178026
            ],
            [
              80.023212,
              23.177995
            ],
            [
              80.023206,
              23.178003
            ],
            [
              80.023148,
              23.177966
            ],
            [
              80.023156,
              23.177956
            ],
            [
              80.023132,
              23.177941
            ],
            [
              80.023079,
              23.177976
            ],
            [
              80.023088,
              23.177988
            ],
            [
              80.023025,
              23.178029
            ],
            [
              80.022999,
              23.177996
            ],
            [
              80.02295,
              23.178028
            ],
            [
              80.022955,
              23.178034
            ],
            [
              80.02297,
              23.178064
            ],
            [
              80.023007,
              23.178054
            ],
            [
              80.023028,
              23.178118
            ],
            [
              80.022997,
              23.178126
            ],
            [
              80.023001,
              23.178175
            ],
            [
              80.02306,
              23.178171
            ],
            [
              80.023059,
              23.17816
            ],
            [
              80.023137,
              23.178154
            ],
            [
              80.023138,
              23.178169
            ],
            [
              80.023194,
              23.178165
            ],
            [
              80.023264,
              23.178137
            ],
            [
              80.023313,
              23.17824
            ],
            [
              80.023322,
              23.178236
            ],
            [
              80.02335,
              23.178295
            ],
            [
              80.023341,
              23.178298
            ],
            [
              80.023365,
              23.178348
            ],
            [
              80.023273,
              23.178386
            ],
            [
              80.023248,
              23.178336
            ],
            [
              80.023239,
              23.17834
            ],
            [
              80.02321,
              23.17828
            ],
            [
              80.023222,
              23.178275
            ],
            [
              80.023212,
              23.178255
            ],
            [
              80.023145,
              23.17826
            ],
            [
              80.023147,
              23.178277
            ],
            [
              80.02307,
              23.178282
            ],
            [
              80.023065,
              23.178232
            ],
            [
              80.023007,
              23.178236
            ],
            [
              80.023,
              23.178285
            ],
            [
              80.023035,
              23.178291
            ],
            [
              80.023022,
              23.178351
            ],
            [
              80.022928,
              23.178334
            ],
            [
              80.022941,
              23.178274
            ],
            [
              80.022979,
              23.178281
            ],
            [
              80.022986,
              23.178237
            ],
            [
              80.022953,
              23.17824
            ],
            [
              80.022948,
              23.178179
            ],
            [
              80.022977,
              23.178177
            ],
            [
              80.022973,
              23.178133
            ],
            [
              80.022938,
              23.178143
            ],
            [
              80.022917,
              23.178079
            ],
            [
              80.022948,
              23.17807
            ],
            [
              80.022934,
              23.178042
            ],
            [
              80.022912,
              23.17801
            ],
            [
              80.022886,
              23.177978
            ],
            [
              80.022861,
              23.177951
            ],
            [
              80.02284,
              23.177979
            ],
            [
              80.022796,
              23.17795
            ],
            [
              80.022779,
              23.177969
            ],
            [
              80.022789,
              23.177977
            ],
            [
              80.022762,
              23.178022
            ],
            [
              80.02274,
              23.178066
            ],
            [
              80.022724,
              23.178114
            ],
            [
              80.02271,
              23.178161
            ],
            [
              80.0227,
              23.178159
            ],
            [
              80.022695,
              23.178181
            ],
            [
              80.022726,
              23.178181
            ],
            [
              80.022726,
              23.178249
            ],
            [
              80.022693,
              23.178249
            ],
            [
              80.0227,
              23.178292
            ]
          ]
        ]
      },
      "bbox": [
        80.02232,
        23.1776,
        80.023365,
        23.178925
      ]
    },
    {
      "type": "Feature",
      "id": "way/361881078",
      "properties": {
        "timestamp": "2026-02-01T07:01:12Z",
        "version": "2",
        "changeset": "177952757",
        "user": "Sameeksha Chinta",
        "uid": "23775155",
        "building": "amenity",
        "id": "way/361881078",
        "name": "Nagarjuna Dining Hall & Common Lounge",
        "category": "Dining"
      },
      "geometry": {
        "type": "Polygon",
        "coordinates": [
          [
            [
              80.021083,
              23.175257
            ],
            [
              80.021069,
              23.175177
            ],
            [
              80.020964,
              23.175192
            ],
            [
              80.020946,
              23.175088
            ],
            [
              80.021027,
              23.175076
            ],
            [
              80.021009,
              23.174969
            ],
            [
              80.021113,
              23.174954
            ],
            [
              80.021127,
              23.175032
            ],
            [
              80.021411,
              23.174991
            ],
            [
              80.021406,
              23.17496
            ],
            [
              80.021526,
              23.174942
            ],
            [
              80.021543,
              23.175043
            ],
            [
              80.021472,
              23.175053
            ],
            [
              80.021484,
              23.175123
            ],
            [
              80.021501,
              23.175222
            ],
            [
              80.02161,
              23.175206
            ],
            [
              80.021627,
              23.175304
            ],
            [
              80.021537,
              23.175317
            ],
            [
              80.021553,
              23.175415
            ],
            [
              80.02144,
              23.175432
            ],
            [
              80.02143,
              23.175372
            ],
            [
              80.021329,
              23.175386
            ],
            [
              80.021311,
              23.17528
            ],
            [
              80.021387,
              23.175269
            ],
            [
              80.021361,
              23.175114
            ],
            [
              80.021174,
              23.175141
            ],
            [
              80.021191,
              23.175241
            ],
            [
              80.021083,
              23.175257
            ]
          ]
        ]
      },
      "bbox": [
        80.020946,
        23.174942,
        80.021627,
        23.175432
      ]
    },
    {
      "type": "Feature",
      "id": "way/361881082",
      "properties": {
        "timestamp": "2015-07-23T11:41:35Z",
        "version": "1",
        "changeset": "32823700",
        "user": "maheshrkm",
        "uid": "2897465",
        "building": "academic",
        "id": "way/361881082",
        "name": "Computer Centre & High Performance Computing Lab",
        "category": "Academic",
        "description": "Central Computing Facility, Server Room & AI Workstations"
      },
      "geometry": {
        "type": "Polygon",
        "coordinates": [
          [
            [
              80.026263,
              23.178366
            ],
            [
              80.026318,
              23.178301
            ],
            [
              80.026357,
              23.178329
            ],
            [
              80.026302,
              23.178394
            ],
            [
              80.026263,
              23.178366
            ]
          ]
        ]
      },
      "bbox": [
        80.026263,
        23.178301,
        80.026357,
        23.178394
      ]
    },
    {
      "type": "Feature",
      "id": "way/361881086",
      "properties": {
        "timestamp": "2015-07-23T11:41:35Z",
        "version": "1",
        "changeset": "32823700",
        "user": "maheshrkm",
        "uid": "2897465",
        "building": "academic",
        "id": "way/361881086",
        "name": "Core Lab Complex (CLC)",
        "category": "Academic",
        "description": "Electronics, VLSI, Embedded Systems & Communication Labs"
      },
      "geometry": {
        "type": "Polygon",
        "coordinates": [
          [
            [
              80.025705,
              23.17788
            ],
            [
              80.025736,
              23.177847
            ],
            [
              80.026048,
              23.178086
            ],
            [
              80.026018,
              23.178119
            ],
            [
              80.025705,
              23.17788
            ]
          ]
        ]
      },
      "bbox": [
        80.025705,
        23.177847,
        80.026048,
        23.178119
      ]
    },
    {
      "type": "Feature",
      "id": "way/361881088",
      "properties": {
        "timestamp": "2015-07-23T11:41:35Z",
        "version": "1",
        "changeset": "32823700",
        "user": "maheshrkm",
        "uid": "2897465",
        "building": "academic",
        "id": "way/361881088",
        "name": "Design Studio & Mechanical Workshop",
        "category": "Academic",
        "description": "Industrial Design Centre, CAD/CAM & Heavy Machinery"
      },
      "geometry": {
        "type": "Polygon",
        "coordinates": [
          [
            [
              80.023794,
              23.175872
            ],
            [
              80.023791,
              23.17583
            ],
            [
              80.023856,
              23.175827
            ],
            [
              80.023858,
              23.175868
            ],
            [
              80.023794,
              23.175872
            ]
          ]
        ]
      },
      "bbox": [
        80.023791,
        23.175827,
        80.023858,
        23.175872
      ]
    },
    {
      "type": "Feature",
      "id": "way/361881097",
      "properties": {
        "timestamp": "2015-07-23T11:41:35Z",
        "version": "1",
        "changeset": "32823700",
        "user": "maheshrkm",
        "uid": "2897465",
        "building": "library",
        "id": "way/361881097",
        "name": "Central Library & Resource Centre",
        "category": "Academic",
        "description": "Central Campus Library, Quiet Reading Halls & Digital Archives"
      },
      "geometry": {
        "type": "Polygon",
        "coordinates": [
          [
            [
              80.025893,
              23.178788
            ],
            [
              80.026034,
              23.178556
            ],
            [
              80.026163,
              23.178622
            ],
            [
              80.026021,
              23.178854
            ],
            [
              80.025893,
              23.178788
            ]
          ]
        ]
      },
      "bbox": [
        80.025893,
        23.178556,
        80.026163,
        23.178854
      ]
    },
    {
      "type": "Feature",
      "id": "way/361881107",
      "properties": {
        "timestamp": "2026-02-01T07:33:04Z",
        "version": "2",
        "changeset": "177953333",
        "user": "Sameeksha Chinta",
        "uid": "23775155",
        "building": "library",
        "id": "way/361881107",
        "name": "Library Annex & Research Scholars Wing",
        "category": "Academic"
      },
      "geometry": {
        "type": "Polygon",
        "coordinates": [
          [
            [
              80.026055,
              23.178873
            ],
            [
              80.026159,
              23.178701
            ],
            [
              80.026209,
              23.17862
            ],
            [
              80.026353,
              23.178694
            ],
            [
              80.026199,
              23.178947
            ],
            [
              80.026055,
              23.178873
            ]
          ]
        ]
      },
      "bbox": [
        80.026055,
        23.17862,
        80.026353,
        23.178947
      ]
    },
    {
      "type": "Feature",
      "id": "way/361881110",
      "properties": {
        "timestamp": "2015-07-23T11:41:36Z",
        "version": "1",
        "changeset": "32823700",
        "user": "maheshrkm",
        "uid": "2897465",
        "building": "civic",
        "id": "way/361881110",
        "name": "Faculty Club & Community Hall",
        "category": "Community"
      },
      "geometry": {
        "type": "Polygon",
        "coordinates": [
          [
            [
              80.028191,
              23.175305
            ],
            [
              80.028145,
              23.175268
            ],
            [
              80.02819,
              23.175221
            ],
            [
              80.028236,
              23.175258
            ],
            [
              80.028191,
              23.175305
            ]
          ]
        ]
      },
      "bbox": [
        80.028145,
        23.175221,
        80.028236,
        23.175305
      ]
    },
    {
      "type": "Feature",
      "id": "way/361881115",
      "properties": {
        "timestamp": "2015-07-23T11:41:36Z",
        "version": "1",
        "changeset": "32823700",
        "user": "maheshrkm",
        "uid": "2897465",
        "building": "security",
        "id": "way/361881115",
        "name": "Main Campus Gate & Security Checkpost",
        "category": "Entry"
      },
      "geometry": {
        "type": "Polygon",
        "coordinates": [
          [
            [
              80.024794,
              23.179553
            ],
            [
              80.02478,
              23.179493
            ],
            [
              80.024887,
              23.179471
            ],
            [
              80.024902,
              23.179531
            ],
            [
              80.024794,
              23.179553
            ]
          ]
        ]
      },
      "bbox": [
        80.02478,
        23.179471,
        80.024902,
        23.179553
      ]
    },
    {
      "type": "Feature",
      "id": "way/361881122",
      "properties": {
        "timestamp": "2026-02-02T18:01:05Z",
        "version": "4",
        "changeset": "178018311",
        "user": "rajdhani",
        "uid": "20051396",
        "amenity": "restaurant",
        "building": "restaurant",
        "name": "Central Mess & Dining Arena",
        "id": "way/361881122",
        "category": "Dining",
        "description": "Main Student Mess 1 & 2 serving breakfast, lunch & dinner"
      },
      "geometry": {
        "type": "Polygon",
        "coordinates": [
          [
            [
              80.02142,
              23.177505
            ],
            [
              80.02147,
              23.177674
            ],
            [
              80.021448,
              23.17768
            ],
            [
              80.021459,
              23.177717
            ],
            [
              80.021326,
              23.17775
            ],
            [
              80.021314,
              23.177713
            ],
            [
              80.021292,
              23.177718
            ],
            [
              80.021241,
              23.177548
            ],
            [
              80.021208,
              23.177557
            ],
            [
              80.021193,
              23.177505
            ],
            [
              80.021211,
              23.177501
            ],
            [
              80.021205,
              23.177481
            ],
            [
              80.021171,
              23.177489
            ],
            [
              80.021107,
              23.177272
            ],
            [
              80.021151,
              23.177261
            ],
            [
              80.021145,
              23.177243
            ],
            [
              80.021129,
              23.177247
            ],
            [
              80.021121,
              23.177219
            ],
            [
              80.021159,
              23.17721
            ],
            [
              80.021154,
              23.177195
            ],
            [
              80.021181,
              23.177188
            ],
            [
              80.021167,
              23.177142
            ],
            [
              80.021144,
              23.177148
            ],
            [
              80.021131,
              23.177102
            ],
            [
              80.021295,
              23.177061
            ],
            [
              80.021308,
              23.177106
            ],
            [
              80.021282,
              23.177112
            ],
            [
              80.021294,
              23.177153
            ],
            [
              80.021324,
              23.177146
            ],
            [
              80.021331,
              23.177171
            ],
            [
              80.021376,
              23.17716
            ],
            [
              80.021385,
              23.177189
            ],
            [
              80.021359,
              23.177195
            ],
            [
              80.021365,
              23.177214
            ],
            [
              80.021408,
              23.177203
            ],
            [
              80.021471,
              23.177415
            ],
            [
              80.021432,
              23.177425
            ],
            [
              80.021438,
              23.177445
            ],
            [
              80.021447,
              23.177443
            ],
            [
              80.021463,
              23.177494
            ],
            [
              80.02142,
              23.177505
            ]
          ]
        ]
      },
      "bbox": [
        80.021107,
        23.177061,
        80.021471,
        23.17775
      ]
    },
    {
      "type": "Feature",
      "id": "way/361881128",
      "properties": {
        "timestamp": "2015-07-23T11:41:36Z",
        "version": "1",
        "changeset": "32823700",
        "user": "maheshrkm",
        "uid": "2897465",
        "building": "recreation",
        "id": "way/361881128",
        "name": "Hall 4 Recreation Annex & Indoor Games",
        "category": "Student Hub"
      },
      "geometry": {
        "type": "Polygon",
        "coordinates": [
          [
            [
              80.023291,
              23.179457
            ],
            [
              80.023261,
              23.179369
            ],
            [
              80.023298,
              23.179359
            ],
            [
              80.023286,
              23.179332
            ],
            [
              80.023298,
              23.179328
            ],
            [
              80.023273,
              23.179274
            ],
            [
              80.02332,
              23.179256
            ],
            [
              80.023327,
              23.17927
            ],
            [
              80.023361,
              23.179256
            ],
            [
              80.02337,
              23.179276
            ],
            [
              80.023377,
              23.179273
            ],
            [
              80.0234,
              23.179324
            ],
            [
              80.023366,
              23.179337
            ],
            [
              80.023375,
              23.179355
            ],
            [
              80.023344,
              23.179367
            ],
            [
              80.023337,
              23.179353
            ],
            [
              80.02331,
              23.179363
            ],
            [
              80.023312,
              23.179368
            ],
            [
              80.023332,
              23.179362
            ],
            [
              80.023336,
              23.179373
            ],
            [
              80.023335,
              23.179382
            ],
            [
              80.023336,
              23.17939
            ],
            [
              80.023341,
              23.179398
            ],
            [
              80.023348,
              23.179404
            ],
            [
              80.023351,
              23.179418
            ],
            [
              80.023328,
              23.179425
            ],
            [
              80.023329,
              23.179428
            ],
            [
              80.023362,
              23.179418
            ],
            [
              80.023357,
              23.179405
            ],
            [
              80.023384,
              23.179397
            ],
            [
              80.023389,
              23.17941
            ],
            [
              80.023432,
              23.179396
            ],
            [
              80.023451,
              23.17945
            ],
            [
              80.023445,
              23.179452
            ],
            [
              80.023456,
              23.17948
            ],
            [
              80.023418,
              23.179492
            ],
            [
              80.023422,
              23.179505
            ],
            [
              80.02339,
              23.179515
            ],
            [
              80.023383,
              23.179495
            ],
            [
              80.023365,
              23.179501
            ],
            [
              80.023352,
              23.179464
            ],
            [
              80.023333,
              23.17947
            ],
            [
              80.023325,
              23.179448
            ],
            [
              80.023291,
              23.179457
            ]
          ]
        ]
      },
      "bbox": [
        80.023261,
        23.179256,
        80.023456,
        23.179515
      ]
    },
    {
      "type": "Feature",
      "id": "way/361881135",
      "properties": {
        "timestamp": "2020-03-07T07:18:31Z",
        "version": "2",
        "changeset": "81892111",
        "user": "uknown-gryphus",
        "uid": "2425805",
        "building": "guest_house",
        "name": "Visitors Guest House (VGH)",
        "tourism": "guest_house",
        "id": "way/361881135",
        "category": "Hospitality",
        "description": "Campus Executive Guest House & VIP Suites"
      },
      "geometry": {
        "type": "Polygon",
        "coordinates": [
          [
            [
              80.028005,
              23.175071
            ],
            [
              80.027951,
              23.175016
            ],
            [
              80.02798,
              23.174992
            ],
            [
              80.027961,
              23.174973
            ],
            [
              80.027932,
              23.174996
            ],
            [
              80.027879,
              23.174941
            ],
            [
              80.027945,
              23.174887
            ],
            [
              80.027921,
              23.174863
            ],
            [
              80.027895,
              23.174884
            ],
            [
              80.027865,
              23.174853
            ],
            [
              80.027902,
              23.174823
            ],
            [
              80.027826,
              23.174766
            ],
            [
              80.027887,
              23.174698
            ],
            [
              80.0279,
              23.174708
            ],
            [
              80.027922,
              23.174684
            ],
            [
              80.027988,
              23.174735
            ],
            [
              80.028072,
              23.17464
            ],
            [
              80.027962,
              23.174558
            ],
            [
              80.027998,
              23.174517
            ],
            [
              80.027965,
              23.174492
            ],
            [
              80.027999,
              23.174454
            ],
            [
              80.028032,
              23.174479
            ],
            [
              80.02808,
              23.174425
            ],
            [
              80.028168,
              23.174491
            ],
            [
              80.028234,
              23.174417
            ],
            [
              80.028171,
              23.174369
            ],
            [
              80.028272,
              23.174256
            ],
            [
              80.028452,
              23.174391
            ],
            [
              80.028332,
              23.174525
            ],
            [
              80.028353,
              23.174541
            ],
            [
              80.028175,
              23.174741
            ],
            [
              80.028094,
              23.17468
            ],
            [
              80.028016,
              23.174767
            ],
            [
              80.028175,
              23.174931
            ],
            [
              80.028156,
              23.174946
            ],
            [
              80.028165,
              23.174956
            ],
            [
              80.028176,
              23.174948
            ],
            [
              80.028222,
              23.174995
            ],
            [
              80.028212,
              23.175004
            ],
            [
              80.028238,
              23.175031
            ],
            [
              80.028114,
              23.175133
            ],
            [
              80.028103,
              23.175122
            ],
            [
              80.028083,
              23.175139
            ],
            [
              80.028028,
              23.175082
            ],
            [
              80.028048,
              23.175065
            ],
            [
              80.028032,
              23.175048
            ],
            [
              80.028005,
              23.175071
            ]
          ]
        ]
      },
      "bbox": [
        80.027826,
        23.174256,
        80.028452,
        23.175139
      ]
    },
    {
      "type": "Feature",
      "id": "way/361881139",
      "properties": {
        "timestamp": "2020-03-07T07:32:11Z",
        "version": "2",
        "changeset": "81892267",
        "user": "uknown-gryphus",
        "uid": "2425805",
        "building": "residential",
        "name": "Faculty Residence Block A",
        "id": "way/361881139",
        "category": "Residential"
      },
      "geometry": {
        "type": "Polygon",
        "coordinates": [
          [
            [
              80.032926,
              23.17289
            ],
            [
              80.032946,
              23.17288
            ],
            [
              80.032938,
              23.172867
            ],
            [
              80.033051,
              23.172807
            ],
            [
              80.033058,
              23.17282
            ],
            [
              80.033078,
              23.172809
            ],
            [
              80.033119,
              23.172875
            ],
            [
              80.033109,
              23.172881
            ],
            [
              80.033124,
              23.172904
            ],
            [
              80.033134,
              23.172899
            ],
            [
              80.033179,
              23.172969
            ],
            [
              80.033168,
              23.172975
            ],
            [
              80.033181,
              23.172995
            ],
            [
              80.033137,
              23.173018
            ],
            [
              80.03316,
              23.173054
            ],
            [
              80.033203,
              23.17303
            ],
            [
              80.033216,
              23.173051
            ],
            [
              80.033226,
              23.173045
            ],
            [
              80.033268,
              23.173111
            ],
            [
              80.033256,
              23.173118
            ],
            [
              80.033265,
              23.173133
            ],
            [
              80.033517,
              23.173
            ],
            [
              80.033556,
              23.173062
            ],
            [
              80.033541,
              23.173069
            ],
            [
              80.033554,
              23.17309
            ],
            [
              80.033475,
              23.173132
            ],
            [
              80.033463,
              23.173114
            ],
            [
              80.033437,
              23.173129
            ],
            [
              80.033448,
              23.173147
            ],
            [
              80.033379,
              23.173183
            ],
            [
              80.033366,
              23.173162
            ],
            [
              80.033325,
              23.173183
            ],
            [
              80.033338,
              23.173204
            ],
            [
              80.033271,
              23.17324
            ],
            [
              80.03326,
              23.173222
            ],
            [
              80.033241,
              23.173232
            ],
            [
              80.033238,
              23.173225
            ],
            [
              80.033138,
              23.173278
            ],
            [
              80.033153,
              23.173301
            ],
            [
              80.033076,
              23.173342
            ],
            [
              80.033068,
              23.17333
            ],
            [
              80.033041,
              23.173344
            ],
            [
              80.033049,
              23.173356
            ],
            [
              80.032959,
              23.173404
            ],
            [
              80.032915,
              23.173334
            ],
            [
              80.032967,
              23.173306
            ],
            [
              80.03296,
              23.173295
            ],
            [
              80.033146,
              23.173196
            ],
            [
              80.033137,
              23.173183
            ],
            [
              80.033117,
              23.173194
            ],
            [
              80.033074,
              23.173126
            ],
            [
              80.033092,
              23.173116
            ],
            [
              80.03308,
              23.173096
            ],
            [
              80.033061,
              23.173105
            ],
            [
              80.033016,
              23.173034
            ],
            [
              80.033037,
              23.173023
            ],
            [
              80.03299,
              23.17295
            ],
            [
              80.03297,
              23.172961
            ],
            [
              80.032926,
              23.17289
            ]
          ]
        ]
      },
      "bbox": [
        80.032915,
        23.172807,
        80.033556,
        23.173404
      ]
    },
    {
      "type": "Feature",
      "id": "way/361881142",
      "properties": {
        "timestamp": "2015-07-23T11:41:37Z",
        "version": "1",
        "changeset": "32823700",
        "user": "maheshrkm",
        "uid": "2897465",
        "building": "academic",
        "id": "way/361881142",
        "name": "Robotics, Automation & Mechatronics Lab",
        "category": "Academic"
      },
      "geometry": {
        "type": "Polygon",
        "coordinates": [
          [
            [
              80.026384,
              23.177997
            ],
            [
              80.026491,
              23.177796
            ],
            [
              80.026563,
              23.177799
            ],
            [
              80.026611,
              23.17785
            ],
            [
              80.026504,
              23.178051
            ],
            [
              80.026431,
              23.178045
            ],
            [
              80.026384,
              23.177997
            ]
          ]
        ]
      },
      "bbox": [
        80.026384,
        23.177796,
        80.026611,
        23.178051
      ]
    },
    {
      "type": "Feature",
      "id": "way/361881143",
      "properties": {
        "timestamp": "2026-02-01T07:33:04Z",
        "version": "3",
        "changeset": "177953333",
        "user": "Sameeksha Chinta",
        "uid": "23775155",
        "amenity": "restaurant",
        "building": "restaurant",
        "name": "Hexagon Canteen & Student Food Court",
        "id": "way/361881143",
        "category": "Dining",
        "description": "Campus Fast Food, Juice Bar, Snacks & Night Canteen"
      },
      "geometry": {
        "type": "Polygon",
        "coordinates": [
          [
            [
              80.02445,
              23.17809
            ],
            [
              80.024498,
              23.177998
            ],
            [
              80.024611,
              23.177996
            ],
            [
              80.024667,
              23.178073
            ],
            [
              80.024659,
              23.178089
            ],
            [
              80.024619,
              23.178165
            ],
            [
              80.024514,
              23.178176
            ],
            [
              80.02445,
              23.17809
            ]
          ]
        ]
      },
      "bbox": [
        80.02445,
        23.177996,
        80.024667,
        23.178176
      ]
    },
    {
      "type": "Feature",
      "id": "way/361881145",
      "properties": {
        "timestamp": "2026-02-01T07:33:04Z",
        "version": "2",
        "changeset": "177953333",
        "user": "Sameeksha Chinta",
        "uid": "23775155",
        "building": "academic",
        "id": "way/361881145",
        "name": "Advanced Manufacturing & 3D Prototyping Workshop",
        "category": "Academic"
      },
      "geometry": {
        "type": "Polygon",
        "coordinates": [
          [
            [
              80.025326,
              23.177671
            ],
            [
              80.025246,
              23.177716
            ],
            [
              80.025115,
              23.177773
            ],
            [
              80.025068,
              23.177648
            ],
            [
              80.024998,
              23.177671
            ],
            [
              80.024962,
              23.17757
            ],
            [
              80.024995,
              23.17756
            ],
            [
              80.024977,
              23.17752
            ],
            [
              80.024857,
              23.177554
            ],
            [
              80.024821,
              23.177418
            ],
            [
              80.024841,
              23.177415
            ],
            [
              80.024832,
              23.177368
            ],
            [
              80.024675,
              23.177391
            ],
            [
              80.024648,
              23.17722
            ],
            [
              80.024681,
              23.17722
            ],
            [
              80.024681,
              23.177195
            ],
            [
              80.024648,
              23.177195
            ],
            [
              80.024647,
              23.17704
            ],
            [
              80.024387,
              23.177036
            ],
            [
              80.024434,
              23.17669
            ],
            [
              80.024692,
              23.176737
            ],
            [
              80.024726,
              23.17659
            ],
            [
              80.024753,
              23.176597
            ],
            [
              80.024765,
              23.176559
            ],
            [
              80.024741,
              23.176553
            ],
            [
              80.024794,
              23.176399
            ],
            [
              80.024931,
              23.176451
            ],
            [
              80.025013,
              23.176299
            ],
            [
              80.02525,
              23.176417
            ],
            [
              80.025272,
              23.176381
            ],
            [
              80.025121,
              23.176301
            ],
            [
              80.025186,
              23.176217
            ],
            [
              80.025246,
              23.176253
            ],
            [
              80.025275,
              23.176213
            ],
            [
              80.025263,
              23.176203
            ],
            [
              80.025324,
              23.176136
            ],
            [
              80.025498,
              23.176276
            ],
            [
              80.02543,
              23.176358
            ],
            [
              80.025373,
              23.17644
            ],
            [
              80.025319,
              23.176527
            ],
            [
              80.025272,
              23.176617
            ],
            [
              80.025156,
              23.176571
            ],
            [
              80.025167,
              23.176546
            ],
            [
              80.025135,
              23.176535
            ],
            [
              80.025151,
              23.176501
            ],
            [
              80.025076,
              23.176469
            ],
            [
              80.025061,
              23.176499
            ],
            [
              80.025061,
              23.176499
            ],
            [
              80.025031,
              23.176569
            ],
            [
              80.025004,
              23.176641
            ],
            [
              80.024978,
              23.176714
            ],
            [
              80.024956,
              23.176786
            ],
            [
              80.024955,
              23.176786
            ],
            [
              80.024941,
              23.176851
            ],
            [
              80.024933,
              23.176916
            ],
            [
              80.024927,
              23.17698
            ],
            [
              80.024928,
              23.177044
            ],
            [
              80.024948,
              23.177348
            ],
            [
              80.025074,
              23.177331
            ],
            [
              80.025072,
              23.177304
            ],
            [
              80.025201,
              23.177285
            ],
            [
              80.025326,
              23.177671
            ]
          ]
        ]
      },
      "bbox": [
        80.024387,
        23.176136,
        80.025498,
        23.177773
      ]
    },
    {
      "type": "Feature",
      "id": "way/361881148",
      "properties": {
        "timestamp": "2015-07-23T11:41:37Z",
        "version": "1",
        "changeset": "32823700",
        "user": "maheshrkm",
        "uid": "2897465",
        "building": "academic",
        "id": "way/361881148",
        "name": "Physics, Optics & Nanotech Laboratory",
        "category": "Academic"
      },
      "geometry": {
        "type": "Polygon",
        "coordinates": [
          [
            [
              80.024875,
              23.178244
            ],
            [
              80.024906,
              23.178222
            ],
            [
              80.024933,
              23.178199
            ],
            [
              80.024958,
              23.178169
            ],
            [
              80.024978,
              23.178137
            ],
            [
              80.025093,
              23.178209
            ],
            [
              80.025108,
              23.178192
            ],
            [
              80.025095,
              23.178181
            ],
            [
              80.025188,
              23.17808
            ],
            [
              80.025202,
              23.17809
            ],
            [
              80.025217,
              23.178073
            ],
            [
              80.025201,
              23.178061
            ],
            [
              80.025215,
              23.178046
            ],
            [
              80.025231,
              23.178058
            ],
            [
              80.025323,
              23.178134
            ],
            [
              80.025298,
              23.17816
            ],
            [
              80.025338,
              23.178191
            ],
            [
              80.025362,
              23.178172
            ],
            [
              80.025459,
              23.178226
            ],
            [
              80.025498,
              23.178162
            ],
            [
              80.025511,
              23.178169
            ],
            [
              80.025524,
              23.178147
            ],
            [
              80.025562,
              23.178167
            ],
            [
              80.025549,
              23.178188
            ],
            [
              80.025609,
              23.17822
            ],
            [
              80.02562,
              23.178202
            ],
            [
              80.025663,
              23.178224
            ],
            [
              80.025652,
              23.178242
            ],
            [
              80.025714,
              23.178274
            ],
            [
              80.025726,
              23.178255
            ],
            [
              80.025773,
              23.17828
            ],
            [
              80.025733,
              23.178345
            ],
            [
              80.025764,
              23.178362
            ],
            [
              80.025685,
              23.17849
            ],
            [
              80.025605,
              23.178449
            ],
            [
              80.025611,
              23.17844
            ],
            [
              80.025559,
              23.178413
            ],
            [
              80.025535,
              23.178452
            ],
            [
              80.025548,
              23.178458
            ],
            [
              80.025519,
              23.178505
            ],
            [
              80.025507,
              23.178498
            ],
            [
              80.025476,
              23.178549
            ],
            [
              80.025493,
              23.178558
            ],
            [
              80.02547,
              23.178596
            ],
            [
              80.025453,
              23.178587
            ],
            [
              80.025444,
              23.178601
            ],
            [
              80.025397,
              23.178577
            ],
            [
              80.02537,
              23.178615
            ],
            [
              80.025261,
              23.178554
            ],
            [
              80.025281,
              23.17853
            ],
            [
              80.025164,
              23.178473
            ],
            [
              80.025108,
              23.17853
            ],
            [
              80.025074,
              23.178486
            ],
            [
              80.025081,
              23.17848
            ],
            [
              80.025033,
              23.178443
            ],
            [
              80.025021,
              23.178458
            ],
            [
              80.024977,
              23.178419
            ],
            [
              80.024984,
              23.178412
            ],
            [
              80.02494,
              23.178376
            ],
            [
              80.024931,
              23.178385
            ],
            [
              80.024884,
              23.178342
            ],
            [
              80.024931,
              23.178289
            ],
            [
              80.024875,
              23.178244
            ]
          ]
        ]
      },
      "bbox": [
        80.024875,
        23.178046,
        80.025773,
        23.178615
      ]
    },
    {
      "type": "Feature",
      "id": "way/361881150",
      "properties": {
        "timestamp": "2020-03-07T07:18:31Z",
        "version": "2",
        "changeset": "81892111",
        "user": "uknown-gryphus",
        "uid": "2425805",
        "building": "apartments",
        "name": "Narmada Residency (Staff Quarters)",
        "id": "way/361881150",
        "category": "Residential"
      },
      "geometry": {
        "type": "Polygon",
        "coordinates": [
          [
            [
              80.033648,
              23.17161
            ],
            [
              80.03373,
              23.17157
            ],
            [
              80.033707,
              23.17153
            ],
            [
              80.033751,
              23.171499
            ],
            [
              80.033806,
              23.171482
            ],
            [
              80.033829,
              23.171523
            ],
            [
              80.033856,
              23.17151
            ],
            [
              80.033834,
              23.17147
            ],
            [
              80.033881,
              23.171439
            ],
            [
              80.033937,
              23.17142
            ],
            [
              80.03396,
              23.17146
            ],
            [
              80.033998,
              23.171441
            ],
            [
              80.033976,
              23.171401
            ],
            [
              80.03403,
              23.171369
            ],
            [
              80.034089,
              23.171347
            ],
            [
              80.034112,
              23.171387
            ],
            [
              80.034172,
              23.171358
            ],
            [
              80.034151,
              23.171319
            ],
            [
              80.034202,
              23.171285
            ],
            [
              80.034258,
              23.171268
            ],
            [
              80.034279,
              23.171306
            ],
            [
              80.034292,
              23.171301
            ],
            [
              80.03416,
              23.171057
            ],
            [
              80.034229,
              23.171025
            ],
            [
              80.034237,
              23.171039
            ],
            [
              80.034284,
              23.171017
            ],
            [
              80.034311,
              23.171057
            ],
            [
              80.034331,
              23.171104
            ],
            [
              80.034284,
              23.171126
            ],
            [
              80.034306,
              23.171168
            ],
            [
              80.034353,
              23.171147
            ],
            [
              80.034386,
              23.171191
            ],
            [
              80.034404,
              23.171243
            ],
            [
              80.034358,
              23.171264
            ],
            [
              80.034418,
              23.171375
            ],
            [
              80.034464,
              23.171354
            ],
            [
              80.034498,
              23.1714
            ],
            [
              80.034515,
              23.171448
            ],
            [
              80.034469,
              23.171469
            ],
            [
              80.034485,
              23.171499
            ],
            [
              80.034533,
              23.171478
            ],
            [
              80.034566,
              23.171525
            ],
            [
              80.034588,
              23.17158
            ],
            [
              80.03454,
              23.171602
            ],
            [
              80.034546,
              23.171612
            ],
            [
              80.034477,
              23.171644
            ],
            [
              80.034347,
              23.171403
            ],
            [
              80.034334,
              23.171409
            ],
            [
              80.034353,
              23.171443
            ],
            [
              80.034303,
              23.171477
            ],
            [
              80.034247,
              23.171494
            ],
            [
              80.034228,
              23.17146
            ],
            [
              80.034207,
              23.17147
            ],
            [
              80.034225,
              23.171501
            ],
            [
              80.034178,
              23.171534
            ],
            [
              80.03412,
              23.171551
            ],
            [
              80.034103,
              23.17152
            ],
            [
              80.034067,
              23.171537
            ],
            [
              80.034083,
              23.171567
            ],
            [
              80.034035,
              23.171598
            ],
            [
              80.033977,
              23.171618
            ],
            [
              80.033958,
              23.171584
            ],
            [
              80.033945,
              23.17159
            ],
            [
              80.033931,
              23.171565
            ],
            [
              80.033882,
              23.171588
            ],
            [
              80.033897,
              23.171615
            ],
            [
              80.033884,
              23.171621
            ],
            [
              80.033906,
              23.171658
            ],
            [
              80.033859,
              23.171689
            ],
            [
              80.033809,
              23.171705
            ],
            [
              80.033788,
              23.171667
            ],
            [
              80.033767,
              23.171677
            ],
            [
              80.033759,
              23.171663
            ],
            [
              80.033696,
              23.171694
            ],
            [
              80.033648,
              23.17161
            ]
          ]
        ]
      },
      "bbox": [
        80.033648,
        23.171017,
        80.034588,
        23.171705
      ]
    },
    {
      "type": "Feature",
      "id": "way/361881154",
      "properties": {
        "timestamp": "2015-07-23T11:41:38Z",
        "version": "1",
        "changeset": "32823700",
        "user": "maheshrkm",
        "uid": "2897465",
        "building": "academic",
        "id": "way/361881154",
        "name": "Software Systems & AI Research Lab",
        "category": "Academic"
      },
      "geometry": {
        "type": "Polygon",
        "coordinates": [
          [
            [
              80.026145,
              23.178419
            ],
            [
              80.026134,
              23.17843
            ],
            [
              80.026076,
              23.178381
            ],
            [
              80.026182,
              23.178275
            ],
            [
              80.02624,
              23.178324
            ],
            [
              80.026177,
              23.178388
            ],
            [
              80.026198,
              23.178406
            ],
            [
              80.026166,
              23.178437
            ],
            [
              80.026145,
              23.178419
            ]
          ]
        ]
      },
      "bbox": [
        80.026076,
        23.178275,
        80.02624,
        23.178437
      ]
    },
    {
      "type": "Feature",
      "id": "way/361881156",
      "properties": {
        "timestamp": "2015-07-23T11:41:38Z",
        "version": "1",
        "changeset": "32823700",
        "user": "maheshrkm",
        "uid": "2897465",
        "building": "academic",
        "id": "way/361881156",
        "name": "Design Innovation Centre (DIC)",
        "category": "Academic",
        "description": "Design Innovation, Ergonomics & User Experience Studio"
      },
      "geometry": {
        "type": "Polygon",
        "coordinates": [
          [
            [
              80.023884,
              23.175995
            ],
            [
              80.023874,
              23.175825
            ],
            [
              80.02393,
              23.175822
            ],
            [
              80.023923,
              23.175695
            ],
            [
              80.023986,
              23.175692
            ],
            [
              80.023999,
              23.175907
            ],
            [
              80.023944,
              23.17591
            ],
            [
              80.023949,
              23.175992
            ],
            [
              80.023884,
              23.175995
            ]
          ]
        ]
      },
      "bbox": [
        80.023874,
        23.175692,
        80.023999,
        23.175995
      ]
    },
    {
      "type": "Feature",
      "id": "way/568352569",
      "properties": {
        "timestamp": "2020-04-23T11:37:33Z",
        "version": "3",
        "changeset": "83999180",
        "user": "soale",
        "uid": "1989621",
        "alt_name": "Dumna Reservoir",
        "name": "Khandari Reservoir (Dumna Lake)",
        "natural": "water",
        "old_name": "Khandari Dam",
        "source:position": "MapBox",
        "source:tracer": "scanaerial",
        "source:zoomlevel": "14",
        "water": "reservoir",
        "id": "way/568352569",
        "category": "Nature",
        "description": "Scenic campus lake border & nature sanctuary"
      },
      "geometry": {
        "type": "Polygon",
        "coordinates": [
          [
            [
              80.018234,
              23.171729
            ],
            [
              80.017505,
              23.17098
            ],
            [
              80.016775,
              23.170467
            ],
            [
              80.016089,
              23.170467
            ],
            [
              80.01596,
              23.170664
            ],
            [
              80.015659,
              23.17094
            ],
            [
              80.01523,
              23.171177
            ],
            [
              80.014887,
              23.171571
            ],
            [
              80.014801,
              23.171492
            ],
            [
              80.014544,
              23.171492
            ],
            [
              80.014458,
              23.171571
            ],
            [
              80.014243,
              23.171532
            ],
            [
              80.014243,
              23.170901
            ],
            [
              80.014544,
              23.170861
            ],
            [
              80.014758,
              23.170585
            ],
            [
              80.014586,
              23.17019
            ],
            [
              80.014672,
              23.169717
            ],
            [
              80.0139,
              23.169086
            ],
            [
              80.013986,
              23.168928
            ],
            [
              80.013728,
              23.168612
            ],
            [
              80.013642,
              23.168218
            ],
            [
              80.013471,
              23.16806
            ],
            [
              80.013213,
              23.167586
            ],
            [
              80.013213,
              23.167271
            ],
            [
              80.013642,
              23.166876
            ],
            [
              80.013986,
              23.166245
            ],
            [
              80.014329,
              23.16585
            ],
            [
              80.014415,
              23.165535
            ],
            [
              80.014758,
              23.165298
            ],
            [
              80.014844,
              23.165061
            ],
            [
              80.015187,
              23.164746
            ],
            [
              80.015874,
              23.163799
            ],
            [
              80.016046,
              23.163325
            ],
            [
              80.016303,
              23.163089
            ],
            [
              80.016303,
              23.162852
            ],
            [
              80.018063,
              23.161313
            ],
            [
              80.018578,
              23.160997
            ],
            [
              80.018792,
              23.160721
            ],
            [
              80.019522,
              23.160129
            ],
            [
              80.019693,
              23.160129
            ],
            [
              80.020037,
              23.160366
            ],
            [
              80.020208,
              23.160366
            ],
            [
              80.020294,
              23.160445
            ],
            [
              80.020509,
              23.160327
            ],
            [
              80.020638,
              23.159972
            ],
            [
              80.021067,
              23.160208
            ],
            [
              80.02141,
              23.160208
            ],
            [
              80.021539,
              23.160327
            ],
            [
              80.021539,
              23.160484
            ],
            [
              80.02171,
              23.160642
            ],
            [
              80.021153,
              23.160682
            ],
            [
              80.021024,
              23.160879
            ],
            [
              80.02141,
              23.161155
            ],
            [
              80.021839,
              23.161155
            ],
            [
              80.021925,
              23.161234
            ],
            [
              80.022354,
              23.161313
            ],
            [
              80.023212,
              23.160918
            ],
            [
              80.02347,
              23.160918
            ],
            [
              80.023899,
              23.160603
            ],
            [
              80.024157,
              23.160603
            ],
            [
              80.024328,
              23.160445
            ],
            [
              80.024672,
              23.160366
            ],
            [
              80.025444,
              23.159656
            ],
            [
              80.025659,
              23.159853
            ],
            [
              80.025487,
              23.160563
            ],
            [
              80.025787,
              23.160603
            ],
            [
              80.02583,
              23.1608
            ],
            [
              80.025573,
              23.161037
            ],
            [
              80.025573,
              23.161195
            ],
            [
              80.025187,
              23.16155
            ],
            [
              80.024929,
              23.16155
            ],
            [
              80.024457,
              23.161826
            ],
            [
              80.024457,
              23.161984
            ],
            [
              80.024972,
              23.162457
            ],
            [
              80.024972,
              23.162615
            ],
            [
              80.024757,
              23.162733
            ],
            [
              80.024328,
              23.162576
            ],
            [
              80.023899,
              23.162576
            ],
            [
              80.023727,
              23.162655
            ],
            [
              80.023212,
              23.163207
            ],
            [
              80.022612,
              23.163207
            ],
            [
              80.022183,
              23.163365
            ],
            [
              80.021195,
              23.16443
            ],
            [
              80.021195,
              23.164667
            ],
            [
              80.021796,
              23.16514
            ],
            [
              80.021796,
              23.165219
            ],
            [
              80.021453,
              23.165456
            ],
            [
              80.02141,
              23.165653
            ],
            [
              80.021153,
              23.165653
            ],
            [
              80.020552,
              23.165101
            ],
            [
              80.020123,
              23.165101
            ],
            [
              80.019522,
              23.165574
            ],
            [
              80.01935,
              23.165574
            ],
            [
              80.019007,
              23.165811
            ],
            [
              80.018835,
              23.165732
            ],
            [
              80.018578,
              23.165732
            ],
            [
              80.018406,
              23.16589
            ],
            [
              80.018234,
              23.16589
            ],
            [
              80.018148,
              23.165811
            ],
            [
              80.017719,
              23.165811
            ],
            [
              80.017548,
              23.165969
            ],
            [
              80.017247,
              23.166087
            ],
            [
              80.017247,
              23.166324
            ],
            [
              80.017119,
              23.166442
            ],
            [
              80.016861,
              23.166442
            ],
            [
              80.016646,
              23.16664
            ],
            [
              80.016475,
              23.166876
            ],
            [
              80.016475,
              23.167113
            ],
            [
              80.016389,
              23.167192
            ],
            [
              80.016389,
              23.167823
            ],
            [
              80.016689,
              23.168099
            ],
            [
              80.017376,
              23.168336
            ],
            [
              80.018234,
              23.168336
            ],
            [
              80.018492,
              23.168494
            ],
            [
              80.018835,
              23.168494
            ],
            [
              80.018878,
              23.168928
            ],
            [
              80.019093,
              23.169125
            ],
            [
              80.019608,
              23.169125
            ],
            [
              80.020165,
              23.169401
            ],
            [
              80.02008,
              23.169875
            ],
            [
              80.020208,
              23.169993
            ],
            [
              80.020552,
              23.169993
            ],
            [
              80.020723,
              23.169914
            ],
            [
              80.020852,
              23.169796
            ],
            [
              80.020852,
              23.169638
            ],
            [
              80.020981,
              23.169599
            ],
            [
              80.021024,
              23.169954
            ],
            [
              80.021238,
              23.170151
            ],
            [
              80.021839,
              23.170151
            ],
            [
              80.021925,
              23.170072
            ],
            [
              80.022183,
              23.170072
            ],
            [
              80.022311,
              23.169954
            ],
            [
              80.022397,
              23.169559
            ],
            [
              80.022526,
              23.169441
            ],
            [
              80.022783,
              23.16952
            ],
            [
              80.023127,
              23.169914
            ],
            [
              80.024071,
              23.169835
            ],
            [
              80.024414,
              23.16952
            ],
            [
              80.025272,
              23.169756
            ],
            [
              80.025315,
              23.169875
            ],
            [
              80.025015,
              23.169993
            ],
            [
              80.024757,
              23.169993
            ],
            [
              80.024586,
              23.170151
            ],
            [
              80.024414,
              23.170072
            ],
            [
              80.023985,
              23.170388
            ],
            [
              80.022869,
              23.170703
            ],
            [
              80.022612,
              23.17094
            ],
            [
              80.022183,
              23.170861
            ],
            [
              80.021496,
              23.171098
            ],
            [
              80.020981,
              23.171098
            ],
            [
              80.020895,
              23.171019
            ],
            [
              80.019865,
              23.17094
            ],
            [
              80.019779,
              23.170861
            ],
            [
              80.019436,
              23.170861
            ],
            [
              80.019178,
              23.170703
            ],
            [
              80.019007,
              23.170782
            ],
            [
              80.018663,
              23.170388
            ],
            [
              80.018492,
              23.170388
            ],
            [
              80.018449,
              23.17098
            ],
            [
              80.018706,
              23.171216
            ],
            [
              80.018578,
              23.172045
            ],
            [
              80.018449,
              23.172005
            ],
            [
              80.018449,
              23.171847
            ],
            [
              80.018234,
              23.171729
            ]
          ]
        ]
      },
      "bbox": [
        80.013213,
        23.159656,
        80.02583,
        23.172045
      ]
    },
    {
      "type": "Feature",
      "id": "way/773792325",
      "properties": {
        "timestamp": "2020-03-07T07:32:11Z",
        "version": "2",
        "changeset": "81892267",
        "user": "uknown-gryphus",
        "uid": "2425805",
        "alt_name": "IIIT Jabalpur",
        "amenity": "college",
        "common_name": "PDPM IIITDMJ",
        "name": "PDPM IIITDM Jabalpur Campus",
        "short_name": "IIITDMJ",
        "website": "https://iiitdmj.ac.in/",
        "wikidata": "Q6020614",
        "wikipedia": "en:Indian Institute of Information Technology, Design and Manufacturing, Jabalpur",
        "id": "way/773792325",
        "category": "Campus",
        "description": "Indian Institute of Information Technology, Design and Manufacturing Jabalpur"
      },
      "geometry": {
        "type": "Polygon",
        "coordinates": [
          [
            [
              80.029902,
              23.183239
            ],
            [
              80.029391,
              23.18285
            ],
            [
              80.028467,
              23.18159
            ],
            [
              80.027418,
              23.180238
            ],
            [
              80.025738,
              23.179434
            ],
            [
              80.024364,
              23.179653
            ],
            [
              80.023847,
              23.179858
            ],
            [
              80.023528,
              23.179816
            ],
            [
              80.021728,
              23.178871
            ],
            [
              80.021321,
              23.178559
            ],
            [
              80.021244,
              23.178391
            ],
            [
              80.020922,
              23.177763
            ],
            [
              80.020327,
              23.177496
            ],
            [
              80.016325,
              23.176354
            ],
            [
              80.016689,
              23.175408
            ],
            [
              80.02259,
              23.174559
            ],
            [
              80.024248,
              23.175127
            ],
            [
              80.024688,
              23.174934
            ],
            [
              80.025295,
              23.174943
            ],
            [
              80.025557,
              23.1749
            ],
            [
              80.026098,
              23.17486
            ],
            [
              80.026174,
              23.175003
            ],
            [
              80.02679,
              23.174781
            ],
            [
              80.027622,
              23.17455
            ],
            [
              80.028813,
              23.17306
            ],
            [
              80.029864,
              23.170871
            ],
            [
              80.028577,
              23.16805
            ],
            [
              80.032547,
              23.167616
            ],
            [
              80.035368,
              23.172449
            ],
            [
              80.033426,
              23.174697
            ],
            [
              80.033137,
              23.174628
            ],
            [
              80.032579,
              23.174628
            ],
            [
              80.032364,
              23.174589
            ],
            [
              80.032278,
              23.174362
            ],
            [
              80.031967,
              23.174037
            ],
            [
              80.031667,
              23.173928
            ],
            [
              80.031388,
              23.17379
            ],
            [
              80.031184,
              23.173711
            ],
            [
              80.030744,
              23.173721
            ],
            [
              80.030347,
              23.173573
            ],
            [
              80.029982,
              23.173494
            ],
            [
              80.02966,
              23.173465
            ],
            [
              80.029435,
              23.173662
            ],
            [
              80.029178,
              23.174056
            ],
            [
              80.028824,
              23.174441
            ],
            [
              80.028555,
              23.174944
            ],
            [
              80.028201,
              23.176246
            ],
            [
              80.028491,
              23.176956
            ],
            [
              80.028545,
              23.177193
            ],
            [
              80.028362,
              23.177311
            ],
            [
              80.028287,
              23.17742
            ],
            [
              80.028502,
              23.177558
            ],
            [
              80.028845,
              23.177499
            ],
            [
              80.029682,
              23.177755
            ],
            [
              80.029618,
              23.178544
            ],
            [
              80.029296,
              23.178939
            ],
            [
              80.029017,
              23.179195
            ],
            [
              80.029167,
              23.179451
            ],
            [
              80.02966,
              23.179984
            ],
            [
              80.030605,
              23.180477
            ],
            [
              80.030819,
              23.180595
            ],
            [
              80.030991,
              23.180812
            ],
            [
              80.031162,
              23.180852
            ],
            [
              80.031399,
              23.180951
            ],
            [
              80.031677,
              23.181089
            ],
            [
              80.029902,
              23.183239
            ]
          ]
        ]
      },
      "bbox": [
        80.016325,
        23.167616,
        80.035368,
        23.183239
      ]
    },
    {
      "type": "Feature",
      "id": "way/773792344",
      "properties": {
        "timestamp": "2026-02-01T07:33:04Z",
        "version": "2",
        "changeset": "177953333",
        "user": "Sameeksha Chinta",
        "uid": "23775155",
        "building": "administrative",
        "name": "Administrative Block & Registrar Office",
        "id": "way/773792344",
        "category": "Administration",
        "description": "Director's Office, Academic Dean, Registrar & Administration"
      },
      "geometry": {
        "type": "Polygon",
        "coordinates": [
          [
            [
              80.027159,
              23.179672
            ],
            [
              80.027342,
              23.179386
            ],
            [
              80.027458,
              23.179205
            ],
            [
              80.027885,
              23.179435
            ],
            [
              80.027586,
              23.179903
            ],
            [
              80.027159,
              23.179672
            ]
          ]
        ]
      },
      "bbox": [
        80.027159,
        23.179205,
        80.027885,
        23.179903
      ]
    },
    {
      "type": "Feature",
      "id": "way/773792345",
      "properties": {
        "timestamp": "2020-03-07T07:18:31Z",
        "version": "2",
        "changeset": "81892111",
        "user": "uknown-gryphus",
        "uid": "2425805",
        "building": "hostel",
        "name": "Rewa Residency 2B (Faculty Flats)",
        "tourism": "hostel",
        "id": "way/773792345",
        "category": "Residential"
      },
      "geometry": {
        "type": "Polygon",
        "coordinates": [
          [
            [
              80.031993,
              23.168681
            ],
            [
              80.03206,
              23.168583
            ],
            [
              80.032323,
              23.168735
            ],
            [
              80.032256,
              23.168833
            ],
            [
              80.03219,
              23.168794
            ],
            [
              80.032133,
              23.168878
            ],
            [
              80.031993,
              23.168797
            ],
            [
              80.03205,
              23.168714
            ],
            [
              80.031993,
              23.168681
            ]
          ]
        ]
      },
      "bbox": [
        80.031993,
        23.168583,
        80.032323,
        23.168878
      ]
    },
    {
      "type": "Feature",
      "id": "way/773792346",
      "properties": {
        "timestamp": "2020-03-07T07:18:31Z",
        "version": "2",
        "changeset": "81892111",
        "user": "uknown-gryphus",
        "uid": "2425805",
        "building": "hostel",
        "name": "Rewa Residency 2A (Faculty Flats)",
        "tourism": "hostel",
        "id": "way/773792346",
        "category": "Residential"
      },
      "geometry": {
        "type": "Polygon",
        "coordinates": [
          [
            [
              80.032379,
              23.16889
            ],
            [
              80.032486,
              23.168946
            ],
            [
              80.03245,
              23.169004
            ],
            [
              80.032592,
              23.16908
            ],
            [
              80.032519,
              23.169196
            ],
            [
              80.032398,
              23.169132
            ],
            [
              80.032455,
              23.169041
            ],
            [
              80.032382,
              23.169002
            ],
            [
              80.032342,
              23.169065
            ],
            [
              80.032195,
              23.168987
            ],
            [
              80.032245,
              23.168907
            ],
            [
              80.032338,
              23.168956
            ],
            [
              80.032379,
              23.16889
            ]
          ]
        ]
      },
      "bbox": [
        80.032195,
        23.16889,
        80.032592,
        23.169196
      ]
    },
    {
      "type": "Feature",
      "id": "way/773792347",
      "properties": {
        "timestamp": "2020-03-07T07:18:31Z",
        "version": "2",
        "changeset": "81892111",
        "user": "uknown-gryphus",
        "uid": "2425805",
        "building": "hostel",
        "name": "Rewa Residency 3B (Staff Flats)",
        "tourism": "hostel",
        "id": "way/773792347",
        "category": "Residential"
      },
      "geometry": {
        "type": "Polygon",
        "coordinates": [
          [
            [
              80.03258,
              23.168552
            ],
            [
              80.032647,
              23.168454
            ],
            [
              80.03291,
              23.168607
            ],
            [
              80.032843,
              23.168704
            ],
            [
              80.032777,
              23.168666
            ],
            [
              80.03272,
              23.16875
            ],
            [
              80.03258,
              23.168669
            ],
            [
              80.032637,
              23.168585
            ],
            [
              80.03258,
              23.168552
            ]
          ]
        ]
      },
      "bbox": [
        80.03258,
        23.168454,
        80.03291,
        23.16875
      ]
    },
    {
      "type": "Feature",
      "id": "way/773792348",
      "properties": {
        "timestamp": "2020-03-07T07:18:31Z",
        "version": "2",
        "changeset": "81892111",
        "user": "uknown-gryphus",
        "uid": "2425805",
        "building": "hostel",
        "name": "Rewa Residency 3A (Staff Flats)",
        "tourism": "hostel",
        "id": "way/773792348",
        "category": "Residential"
      },
      "geometry": {
        "type": "Polygon",
        "coordinates": [
          [
            [
              80.032966,
              23.168761
            ],
            [
              80.033072,
              23.168818
            ],
            [
              80.033036,
              23.168876
            ],
            [
              80.033179,
              23.168951
            ],
            [
              80.033106,
              23.169068
            ],
            [
              80.032984,
              23.169003
            ],
            [
              80.033041,
              23.168913
            ],
            [
              80.032968,
              23.168874
            ],
            [
              80.032929,
              23.168937
            ],
            [
              80.032781,
              23.168858
            ],
            [
              80.032832,
              23.168778
            ],
            [
              80.032925,
              23.168828
            ],
            [
              80.032966,
              23.168761
            ]
          ]
        ]
      },
      "bbox": [
        80.032781,
        23.168761,
        80.033179,
        23.169068
      ]
    },
    {
      "type": "Feature",
      "id": "way/779022750",
      "properties": {
        "timestamp": "2026-02-01T07:33:04Z",
        "version": "2",
        "changeset": "177953333",
        "user": "Sameeksha Chinta",
        "uid": "23775155",
        "amenity": "clinic",
        "building": "clinic",
        "healthcare": "clinic",
        "name": "Primary Health Centre (Dispensary & Ambulance)",
        "id": "way/779022750",
        "category": "Healthcare",
        "description": "24/7 Campus Dispensary, Medical Officers & Emergency Care"
      },
      "geometry": {
        "type": "Polygon",
        "coordinates": [
          [
            [
              80.027907,
              23.176146
            ],
            [
              80.027902,
              23.176106
            ],
            [
              80.027783,
              23.176118
            ],
            [
              80.027774,
              23.176041
            ],
            [
              80.02771,
              23.176047
            ],
            [
              80.027696,
              23.176049
            ],
            [
              80.02769,
              23.176002
            ],
            [
              80.027714,
              23.176
            ],
            [
              80.027788,
              23.175992
            ],
            [
              80.027771,
              23.175852
            ],
            [
              80.028063,
              23.175823
            ],
            [
              80.028096,
              23.176103
            ],
            [
              80.027984,
              23.176114
            ],
            [
              80.027988,
              23.176141
            ],
            [
              80.028097,
              23.176131
            ],
            [
              80.028104,
              23.176188
            ],
            [
              80.027802,
              23.176219
            ],
            [
              80.027794,
              23.176157
            ],
            [
              80.027907,
              23.176146
            ]
          ]
        ]
      },
      "bbox": [
        80.02769,
        23.175823,
        80.028104,
        23.176219
      ]
    },
    {
      "type": "Feature",
      "id": "way/779022751",
      "properties": {
        "timestamp": "2026-02-01T07:18:15Z",
        "version": "2",
        "changeset": "177953088",
        "user": "Sameeksha Chinta",
        "uid": "23775155",
        "access": "private",
        "covered": "no",
        "hoops": "2",
        "leisure": "pitch",
        "lit": "yes",
        "sport": "basketball",
        "surface": "concrete",
        "id": "way/779022751",
        "name": "Campus Basketball Court (Floodlit)",
        "category": "Sports"
      },
      "geometry": {
        "type": "Polygon",
        "coordinates": [
          [
            [
              80.020578,
              23.176373
            ],
            [
              80.020568,
              23.176301
            ],
            [
              80.020533,
              23.176053
            ],
            [
              80.020751,
              23.176027
            ],
            [
              80.020796,
              23.176347
            ],
            [
              80.020578,
              23.176373
            ]
          ]
        ]
      },
      "bbox": [
        80.020533,
        23.176027,
        80.020796,
        23.176373
      ]
    },
    {
      "type": "Feature",
      "id": "way/779022752",
      "properties": {
        "timestamp": "2020-03-07T07:18:31Z",
        "version": "1",
        "changeset": "81892111",
        "user": "uknown-gryphus",
        "uid": "2425805",
        "access": "private",
        "leisure": "pitch",
        "lit": "yes",
        "sport": "tennis",
        "id": "way/779022752",
        "name": "Campus Lawn Tennis Court",
        "category": "Sports"
      },
      "geometry": {
        "type": "Polygon",
        "coordinates": [
          [
            [
              80.020796,
              23.176347
            ],
            [
              80.020751,
              23.176027
            ],
            [
              80.020955,
              23.176001
            ],
            [
              80.020987,
              23.176326
            ],
            [
              80.020796,
              23.176347
            ]
          ]
        ]
      },
      "bbox": [
        80.020751,
        23.176001,
        80.020987,
        23.176347
      ]
    },
    {
      "type": "Feature",
      "id": "way/779022753",
      "properties": {
        "timestamp": "2020-03-07T07:18:31Z",
        "version": "1",
        "changeset": "81892111",
        "user": "uknown-gryphus",
        "uid": "2425805",
        "access": "private",
        "leisure": "pitch",
        "lit": "yes",
        "sport": "volleyball",
        "surface": "gravel",
        "id": "way/779022753",
        "name": "Campus Volleyball Court",
        "category": "Sports"
      },
      "geometry": {
        "type": "Polygon",
        "coordinates": [
          [
            [
              80.020263,
              23.176277
            ],
            [
              80.020242,
              23.17604
            ],
            [
              80.020478,
              23.176035
            ],
            [
              80.020504,
              23.176277
            ],
            [
              80.020263,
              23.176277
            ]
          ]
        ]
      },
      "bbox": [
        80.020242,
        23.176035,
        80.020504,
        23.176277
      ]
    },
    {
      "type": "Feature",
      "id": "way/779022755",
      "properties": {
        "timestamp": "2020-03-07T07:18:31Z",
        "version": "1",
        "changeset": "81892111",
        "user": "uknown-gryphus",
        "uid": "2425805",
        "leisure": "pitch",
        "sport": "cricket;soccer",
        "id": "way/779022755",
        "name": "Main Sports Ground (Cricket & Football Arena)",
        "category": "Sports",
        "description": "Full-size cricket ground, athletic track & football field"
      },
      "geometry": {
        "type": "Polygon",
        "coordinates": [
          [
            [
              80.02162,
              23.1771
            ],
            [
              80.021422,
              23.176923
            ],
            [
              80.021309,
              23.176775
            ],
            [
              80.021245,
              23.176597
            ],
            [
              80.021239,
              23.176346
            ],
            [
              80.021449,
              23.175784
            ],
            [
              80.02161,
              23.175522
            ],
            [
              80.021824,
              23.175404
            ],
            [
              80.022049,
              23.175379
            ],
            [
              80.022505,
              23.175572
            ],
            [
              80.022656,
              23.17568
            ],
            [
              80.022677,
              23.175838
            ],
            [
              80.022462,
              23.176435
            ],
            [
              80.022334,
              23.17679
            ],
            [
              80.0222,
              23.176982
            ],
            [
              80.02206,
              23.177071
            ],
            [
              80.021856,
              23.177125
            ],
            [
              80.02162,
              23.1771
            ]
          ]
        ]
      },
      "bbox": [
        80.021239,
        23.175379,
        80.022677,
        23.177125
      ]
    },
    {
      "type": "Feature",
      "id": "way/779022756",
      "properties": {
        "timestamp": "2026-02-01T07:18:15Z",
        "version": "3",
        "changeset": "177953088",
        "user": "Sameeksha Chinta",
        "uid": "23775155",
        "amenity": "theatre",
        "building": "theatre",
        "name": "Open Air Theatre (OAT Amphitheatre)",
        "id": "way/779022756",
        "category": "Cultural",
        "description": "Grand open amphitheatre for Tarang cultural fest & concerts"
      },
      "geometry": {
        "type": "Polygon",
        "coordinates": [
          [
            [
              80.023745,
              23.176878
            ],
            [
              80.023653,
              23.176878
            ],
            [
              80.023621,
              23.176933
            ],
            [
              80.023541,
              23.176962
            ],
            [
              80.023439,
              23.176918
            ],
            [
              80.02338,
              23.176819
            ],
            [
              80.02338,
              23.176691
            ],
            [
              80.023503,
              23.176602
            ],
            [
              80.023659,
              23.176597
            ],
            [
              80.023702,
              23.176706
            ],
            [
              80.023777,
              23.176735
            ],
            [
              80.023767,
              23.176778
            ],
            [
              80.023745,
              23.176878
            ]
          ]
        ]
      },
      "bbox": [
        80.02338,
        23.176597,
        80.023777,
        23.176962
      ]
    },
    {
      "type": "Feature",
      "id": "way/779024103",
      "properties": {
        "timestamp": "2020-03-07T07:32:11Z",
        "version": "1",
        "changeset": "81892267",
        "user": "uknown-gryphus",
        "uid": "2425805",
        "building": "commercial",
        "id": "way/779024103",
        "name": "Campus Shopping Complex & Canteen Arcade",
        "category": "Commercial",
        "description": "Convenience store, stationery, xerox & laundry services"
      },
      "geometry": {
        "type": "Polygon",
        "coordinates": [
          [
            [
              80.022492,
              23.178886
            ],
            [
              80.022683,
              23.178975
            ],
            [
              80.022652,
              23.17903
            ],
            [
              80.022462,
              23.178941
            ],
            [
              80.022492,
              23.178886
            ]
          ]
        ]
      },
      "bbox": [
        80.022462,
        23.178886,
        80.022683,
        23.17903
      ]
    },
    {
      "type": "Feature",
      "id": "way/1472622864",
      "properties": {
        "timestamp": "2026-01-30T08:10:17Z",
        "version": "1",
        "changeset": "177878409",
        "user": "Wildsharky",
        "uid": "16577436",
        "building": "dining",
        "id": "way/1472622864",
        "name": "Maa Saraswati (Hall 2) Dining & Common Hall",
        "category": "Dining"
      },
      "geometry": {
        "type": "Polygon",
        "coordinates": [
          [
            [
              80.022231,
              23.174901
            ],
            [
              80.022268,
              23.174904
            ],
            [
              80.022264,
              23.174942
            ],
            [
              80.022324,
              23.174945
            ],
            [
              80.022324,
              23.174966
            ],
            [
              80.022394,
              23.174968
            ],
            [
              80.022396,
              23.174949
            ],
            [
              80.022459,
              23.174952
            ],
            [
              80.022455,
              23.174998
            ],
            [
              80.022427,
              23.175001
            ],
            [
              80.022425,
              23.175058
            ],
            [
              80.022456,
              23.17506
            ],
            [
              80.022454,
              23.175087
            ],
            [
              80.022417,
              23.175114
            ],
            [
              80.022397,
              23.175103
            ],
            [
              80.022369,
              23.175125
            ],
            [
              80.022392,
              23.175144
            ],
            [
              80.022356,
              23.175168
            ],
            [
              80.022328,
              23.175162
            ],
            [
              80.022332,
              23.175144
            ],
            [
              80.022262,
              23.175142
            ],
            [
              80.022259,
              23.175164
            ],
            [
              80.022205,
              23.175162
            ],
            [
              80.022213,
              23.175098
            ],
            [
              80.022237,
              23.1751
            ],
            [
              80.022242,
              23.175037
            ],
            [
              80.022215,
              23.175041
            ],
            [
              80.022223,
              23.174976
            ],
            [
              80.022173,
              23.174976
            ],
            [
              80.02218,
              23.17494
            ],
            [
              80.022231,
              23.174901
            ]
          ]
        ]
      },
      "bbox": [
        80.022173,
        23.174901,
        80.022459,
        23.175168
      ]
    },
    {
      "type": "Feature",
      "id": "way/1473284201",
      "properties": {
        "timestamp": "2026-02-15T13:46:30Z",
        "version": "3",
        "changeset": "178582610",
        "user": "googlenaut",
        "uid": "519916",
        "barrier": "wall",
        "id": "way/1473284201",
        "name": "Maa Saraswati Green Promenade",
        "category": "Landscaping"
      },
      "geometry": {
        "type": "Polygon",
        "coordinates": [
          [
            [
              80.022426,
              23.175445
            ],
            [
              80.021925,
              23.175346
            ],
            [
              80.021941,
              23.175146
            ],
            [
              80.021951,
              23.175035
            ],
            [
              80.021957,
              23.174927
            ],
            [
              80.021974,
              23.174735
            ],
            [
              80.022001,
              23.174689
            ],
            [
              80.022438,
              23.174703
            ],
            [
              80.022701,
              23.174683
            ],
            [
              80.022679,
              23.174869
            ],
            [
              80.022651,
              23.17516
            ],
            [
              80.022638,
              23.175303
            ],
            [
              80.022611,
              23.175319
            ],
            [
              80.022556,
              23.175483
            ],
            [
              80.022426,
              23.175445
            ]
          ]
        ]
      },
      "bbox": [
        80.021925,
        23.174683,
        80.022701,
        23.175483
      ]
    },
    {
      "type": "Feature",
      "id": "way/1473287727",
      "properties": {
        "timestamp": "2026-02-01T07:18:15Z",
        "version": "1",
        "changeset": "177953088",
        "user": "Sameeksha Chinta",
        "uid": "23775155",
        "building": "activity_centre",
        "name": "New SAC (Multipurpose Auditorium & Indoor Arena)",
        "id": "way/1473287727",
        "category": "Student Hub",
        "description": "Badminton courts, table tennis, music studio & auditoriums"
      },
      "geometry": {
        "type": "Polygon",
        "coordinates": [
          [
            [
              80.022894,
              23.176595
            ],
            [
              80.02293,
              23.176485
            ],
            [
              80.023091,
              23.176532
            ],
            [
              80.02326,
              23.176379
            ],
            [
              80.023331,
              23.176315
            ],
            [
              80.023361,
              23.176305
            ],
            [
              80.023303,
              23.176134
            ],
            [
              80.023471,
              23.176083
            ],
            [
              80.023521,
              23.176251
            ],
            [
              80.023537,
              23.176357
            ],
            [
              80.023418,
              23.176385
            ],
            [
              80.02342,
              23.176403
            ],
            [
              80.023335,
              23.176448
            ],
            [
              80.023248,
              23.176526
            ],
            [
              80.023211,
              23.176577
            ],
            [
              80.023189,
              23.176575
            ],
            [
              80.023177,
              23.176632
            ],
            [
              80.023167,
              23.176683
            ],
            [
              80.023175,
              23.176746
            ],
            [
              80.023175,
              23.176805
            ],
            [
              80.023185,
              23.176871
            ],
            [
              80.023108,
              23.176906
            ],
            [
              80.02303,
              23.176923
            ],
            [
              80.022815,
              23.17694
            ],
            [
              80.022788,
              23.176688
            ],
            [
              80.023015,
              23.176676
            ],
            [
              80.023041,
              23.176683
            ],
            [
              80.023063,
              23.176679
            ],
            [
              80.02309,
              23.176666
            ],
            [
              80.022894,
              23.176595
            ]
          ]
        ]
      },
      "bbox": [
        80.022788,
        23.176083,
        80.023537,
        23.17694
      ]
    },
    {
      "type": "Feature",
      "id": "way/1473289631",
      "properties": {
        "timestamp": "2026-02-01T07:42:03Z",
        "version": "1",
        "changeset": "177953483",
        "user": "Sameeksha Chinta",
        "uid": "23775155",
        "building": "yes",
        "id": "way/1473289631",
        "name": "Hall 3 Badminton Court",
        "leisure": "pitch",
        "category": "Sports"
      },
      "geometry": {
        "type": "Polygon",
        "coordinates": [
          [
            [
              80.02092,
              23.175953
            ],
            [
              80.020898,
              23.175876
            ],
            [
              80.020943,
              23.175858
            ],
            [
              80.02096,
              23.175894
            ],
            [
              80.021014,
              23.175894
            ],
            [
              80.021002,
              23.175833
            ],
            [
              80.020955,
              23.175828
            ],
            [
              80.020943,
              23.175785
            ],
            [
              80.020985,
              23.175783
            ],
            [
              80.020972,
              23.175721
            ],
            [
              80.020928,
              23.175721
            ],
            [
              80.020915,
              23.17568
            ],
            [
              80.020965,
              23.17568
            ],
            [
              80.020948,
              23.175617
            ],
            [
              80.020893,
              23.175619
            ],
            [
              80.020896,
              23.175596
            ],
            [
              80.020943,
              23.175583
            ],
            [
              80.02096,
              23.17558
            ],
            [
              80.020995,
              23.175576
            ],
            [
              80.021017,
              23.175603
            ],
            [
              80.021116,
              23.175578
            ],
            [
              80.021096,
              23.175542
            ],
            [
              80.021141,
              23.175539
            ],
            [
              80.021155,
              23.175562
            ],
            [
              80.021202,
              23.175546
            ],
            [
              80.021254,
              23.175521
            ],
            [
              80.021259,
              23.175567
            ],
            [
              80.021222,
              23.175574
            ],
            [
              80.021235,
              23.175615
            ],
            [
              80.021264,
              23.175615
            ],
            [
              80.021274,
              23.175662
            ],
            [
              80.02123,
              23.175678
            ],
            [
              80.02124,
              23.175726
            ],
            [
              80.021282,
              23.175726
            ],
            [
              80.021291,
              23.175769
            ],
            [
              80.021257,
              23.175781
            ],
            [
              80.021274,
              23.175858
            ],
            [
              80.021241,
              23.175867
            ],
            [
              80.021027,
              23.175925
            ],
            [
              80.02092,
              23.175953
            ]
          ]
        ]
      },
      "bbox": [
        80.020893,
        23.175521,
        80.021291,
        23.175953
      ]
    },
    {
      "type": "Feature",
      "id": "way/1473681052",
      "properties": {
        "timestamp": "2026-02-02T18:33:02Z",
        "version": "1",
        "changeset": "178019350",
        "user": "Sameeksha Chinta",
        "uid": "23775155",
        "building": "civic",
        "id": "way/1473681052",
        "name": "Central Mess Green Lawn & Bike Stand",
        "category": "Facility"
      },
      "geometry": {
        "type": "Polygon",
        "coordinates": [
          [
            [
              80.021928,
              23.17717
            ],
            [
              80.021928,
              23.177059
            ],
            [
              80.022176,
              23.176941
            ],
            [
              80.022237,
              23.177056
            ],
            [
              80.022093,
              23.177143
            ],
            [
              80.021928,
              23.17717
            ]
          ]
        ]
      },
      "bbox": [
        80.021928,
        23.176941,
        80.022237,
        23.17717
      ]
    },
    {
      "type": "Feature",
      "id": "way/1504915068",
      "properties": {
        "timestamp": "2026-04-28T09:26:13Z",
        "version": "1",
        "changeset": "181929907",
        "user": "Rudra Biswas",
        "uid": "24082955",
        "building": "civic",
        "id": "way/1504915068",
        "name": "Nagarjuna Courtyard & Discussion Pavilion",
        "category": "Student Hub"
      },
      "geometry": {
        "type": "Polygon",
        "coordinates": [
          [
            [
              80.020579,
              23.1757
            ],
            [
              80.020414,
              23.175699
            ],
            [
              80.020415,
              23.17559
            ],
            [
              80.020547,
              23.175591
            ],
            [
              80.020547,
              23.175516
            ],
            [
              80.020766,
              23.175517
            ],
            [
              80.020766,
              23.175563
            ],
            [
              80.020804,
              23.175563
            ],
            [
              80.020803,
              23.175729
            ],
            [
              80.020614,
              23.175728
            ],
            [
              80.020614,
              23.175761
            ],
            [
              80.020579,
              23.175761
            ],
            [
              80.020579,
              23.1757
            ]
          ]
        ]
      },
      "bbox": [
        80.020414,
        23.175516,
        80.020804,
        23.175761
      ]
    },
    {
      "type": "Feature",
      "id": "way/773792326",
      "properties": {
        "timestamp": "2023-06-20T18:26:18Z",
        "version": "2",
        "changeset": "137575004",
        "user": "Sal73x",
        "uid": "1293386",
        "highway": "service",
        "oneway": "yes",
        "service": "driveway",
        "id": "way/773792326",
        "name": "Campus Pathway"
      },
      "geometry": {
        "type": "LineString",
        "coordinates": [
          [
            80.026965,
            23.179242
          ],
          [
            80.026871,
            23.1793
          ],
          [
            80.026544,
            23.179874
          ],
          [
            80.026502,
            23.17995
          ]
        ]
      },
      "bbox": [
        80.026502,
        23.179242,
        80.026965,
        23.17995
      ]
    },
    {
      "type": "Feature",
      "id": "way/773792327",
      "properties": {
        "timestamp": "2023-06-20T18:26:18Z",
        "version": "2",
        "changeset": "137575004",
        "user": "Sal73x",
        "uid": "1293386",
        "highway": "service",
        "oneway": "yes",
        "service": "driveway",
        "id": "way/773792327",
        "name": "Campus Pathway"
      },
      "geometry": {
        "type": "LineString",
        "coordinates": [
          [
            80.026595,
            23.179994
          ],
          [
            80.02664,
            23.179919
          ],
          [
            80.026965,
            23.179341
          ],
          [
            80.026965,
            23.179242
          ]
        ]
      },
      "bbox": [
        80.026595,
        23.179242,
        80.026965,
        23.179994
      ]
    },
    {
      "type": "Feature",
      "id": "way/773792328",
      "properties": {
        "timestamp": "2026-02-02T17:58:56Z",
        "version": "4",
        "changeset": "178018230",
        "user": "Sameeksha Chinta",
        "uid": "23775155",
        "highway": "service",
        "service": "driveway",
        "surface": "concrete",
        "id": "way/773792328",
        "name": "Campus Pathway"
      },
      "geometry": {
        "type": "LineString",
        "coordinates": [
          [
            80.026871,
            23.1793
          ],
          [
            80.026852,
            23.179203
          ],
          [
            80.026804,
            23.179134
          ],
          [
            80.026477,
            23.179109
          ],
          [
            80.025817,
            23.17909
          ],
          [
            80.025216,
            23.178981
          ],
          [
            80.024985,
            23.178848
          ],
          [
            80.024935,
            23.178785
          ],
          [
            80.024722,
            23.178522
          ],
          [
            80.024406,
            23.178207
          ],
          [
            80.024348,
            23.178084
          ],
          [
            80.024261,
            23.177901
          ],
          [
            80.024148,
            23.177497
          ],
          [
            80.024153,
            23.177398
          ],
          [
            80.024165,
            23.177112
          ],
          [
            80.024223,
            23.176792
          ],
          [
            80.024245,
            23.176678
          ],
          [
            80.02439,
            23.176348
          ],
          [
            80.024535,
            23.176181
          ],
          [
            80.02469,
            23.176002
          ],
          [
            80.025114,
            23.175855
          ],
          [
            80.025519,
            23.175782
          ],
          [
            80.025634,
            23.175761
          ]
        ]
      },
      "bbox": [
        80.024148,
        23.175761,
        80.026871,
        23.1793
      ]
    },
    {
      "type": "Feature",
      "id": "way/773792329",
      "properties": {
        "timestamp": "2020-02-18T13:54:34Z",
        "version": "1",
        "changeset": "81174181",
        "user": "uknown-gryphus",
        "uid": "2425805",
        "highway": "service",
        "service": "driveway",
        "id": "way/773792329",
        "name": "Campus Pathway"
      },
      "geometry": {
        "type": "LineString",
        "coordinates": [
          [
            80.026804,
            23.179134
          ],
          [
            80.027094,
            23.179104
          ]
        ]
      },
      "bbox": [
        80.026804,
        23.179104,
        80.027094,
        23.179134
      ]
    },
    {
      "type": "Feature",
      "id": "way/773792330",
      "properties": {
        "timestamp": "2026-02-01T07:33:04Z",
        "version": "3",
        "changeset": "177953333",
        "user": "Sameeksha Chinta",
        "uid": "23775155",
        "highway": "service",
        "service": "driveway",
        "id": "way/773792330",
        "name": "Campus Pathway"
      },
      "geometry": {
        "type": "LineString",
        "coordinates": [
          [
            80.026477,
            23.179109
          ],
          [
            80.026579,
            23.178927
          ],
          [
            80.026568,
            23.178611
          ],
          [
            80.026493,
            23.178345
          ],
          [
            80.026428,
            23.178187
          ],
          [
            80.02631,
            23.178088
          ],
          [
            80.026021,
            23.177911
          ],
          [
            80.025838,
            23.177773
          ],
          [
            80.025624,
            23.177605
          ],
          [
            80.025544,
            23.177508
          ],
          [
            80.025527,
            23.177487
          ],
          [
            80.025506,
            23.177299
          ],
          [
            80.025485,
            23.177113
          ],
          [
            80.025473,
            23.177013
          ],
          [
            80.025516,
            23.176836
          ],
          [
            80.025602,
            23.176589
          ],
          [
            80.025699,
            23.176422
          ],
          [
            80.025519,
            23.175782
          ]
        ]
      },
      "bbox": [
        80.025473,
        23.175782,
        80.026579,
        23.179109
      ]
    },
    {
      "type": "Feature",
      "id": "way/773792331",
      "properties": {
        "timestamp": "2020-02-18T13:54:34Z",
        "version": "1",
        "changeset": "81174181",
        "user": "uknown-gryphus",
        "uid": "2425805",
        "highway": "service",
        "service": "driveway",
        "id": "way/773792331",
        "name": "Campus Pathway"
      },
      "geometry": {
        "type": "LineString",
        "coordinates": [
          [
            80.026428,
            23.178187
          ],
          [
            80.026772,
            23.17798
          ],
          [
            80.02689,
            23.177822
          ],
          [
            80.027051,
            23.177339
          ],
          [
            80.027029,
            23.177023
          ],
          [
            80.026847,
            23.176747
          ],
          [
            80.026557,
            23.17654
          ],
          [
            80.026235,
            23.176392
          ]
        ]
      },
      "bbox": [
        80.026235,
        23.176392,
        80.027051,
        23.178187
      ]
    },
    {
      "type": "Feature",
      "id": "way/773792332",
      "properties": {
        "timestamp": "2020-02-18T13:54:34Z",
        "version": "1",
        "changeset": "81174181",
        "user": "uknown-gryphus",
        "uid": "2425805",
        "highway": "service",
        "service": "driveway",
        "id": "way/773792332",
        "name": "Campus Pathway"
      },
      "geometry": {
        "type": "LineString",
        "coordinates": [
          [
            80.027363,
            23.178747
          ],
          [
            80.02763,
            23.178907
          ],
          [
            80.028209,
            23.179528
          ],
          [
            80.028271,
            23.179588
          ],
          [
            80.029003,
            23.180298
          ],
          [
            80.030243,
            23.181166
          ]
        ]
      },
      "bbox": [
        80.027363,
        23.178747,
        80.030243,
        23.181166
      ]
    },
    {
      "type": "Feature",
      "id": "way/773792333",
      "properties": {
        "timestamp": "2020-02-18T13:54:34Z",
        "version": "1",
        "changeset": "81174181",
        "user": "uknown-gryphus",
        "uid": "2425805",
        "highway": "service",
        "service": "driveway",
        "id": "way/773792333",
        "name": "Campus Pathway"
      },
      "geometry": {
        "type": "LineString",
        "coordinates": [
          [
            80.029239,
            23.182359
          ],
          [
            80.030243,
            23.181166
          ],
          [
            80.030666,
            23.180663
          ]
        ]
      },
      "bbox": [
        80.029239,
        23.180663,
        80.030666,
        23.182359
      ]
    },
    {
      "type": "Feature",
      "id": "way/773792334",
      "properties": {
        "timestamp": "2020-02-18T13:54:34Z",
        "version": "1",
        "changeset": "81174181",
        "user": "uknown-gryphus",
        "uid": "2425805",
        "highway": "service",
        "service": "driveway",
        "id": "way/773792334",
        "name": "Campus Pathway"
      },
      "geometry": {
        "type": "LineString",
        "coordinates": [
          [
            80.029239,
            23.182359
          ],
          [
            80.027587,
            23.180258
          ]
        ]
      },
      "bbox": [
        80.027587,
        23.180258,
        80.029239,
        23.182359
      ]
    },
    {
      "type": "Feature",
      "id": "way/773792335",
      "properties": {
        "timestamp": "2020-02-18T13:54:34Z",
        "version": "1",
        "changeset": "81174181",
        "user": "uknown-gryphus",
        "uid": "2425805",
        "highway": "service",
        "service": "driveway",
        "id": "way/773792335",
        "name": "Campus Pathway"
      },
      "geometry": {
        "type": "LineString",
        "coordinates": [
          [
            80.027587,
            23.180258
          ],
          [
            80.028271,
            23.179588
          ],
          [
            80.029368,
            23.178631
          ],
          [
            80.029443,
            23.178473
          ],
          [
            80.029507,
            23.178276
          ],
          [
            80.029475,
            23.17795
          ],
          [
            80.029368,
            23.177753
          ],
          [
            80.029121,
            23.177655
          ],
          [
            80.02881,
            23.177664
          ],
          [
            80.028606,
            23.177793
          ],
          [
            80.028445,
            23.17795
          ],
          [
            80.028317,
            23.178069
          ],
          [
            80.028156,
            23.178118
          ],
          [
            80.028048,
            23.178133
          ]
        ]
      },
      "bbox": [
        80.027587,
        23.177655,
        80.029507,
        23.180258
      ]
    },
    {
      "type": "Feature",
      "id": "way/773792336",
      "properties": {
        "timestamp": "2026-02-02T18:33:02Z",
        "version": "8",
        "changeset": "178019350",
        "user": "Sameeksha Chinta",
        "uid": "23775155",
        "highway": "service",
        "service": "driveway",
        "surface": "concrete",
        "id": "way/773792336",
        "name": "Campus Pathway"
      },
      "geometry": {
        "type": "LineString",
        "coordinates": [
          [
            80.024935,
            23.178785
          ],
          [
            80.023896,
            23.179134
          ],
          [
            80.022673,
            23.179183
          ],
          [
            80.022326,
            23.179015
          ],
          [
            80.021858,
            23.178789
          ],
          [
            80.021386,
            23.178424
          ],
          [
            80.021171,
            23.178024
          ],
          [
            80.021005,
            23.177758
          ],
          [
            80.020291,
            23.177398
          ],
          [
            80.019819,
            23.17728
          ],
          [
            80.018834,
            23.176903
          ],
          [
            80.01835,
            23.176714
          ],
          [
            80.017867,
            23.176586
          ],
          [
            80.016865,
            23.176363
          ],
          [
            80.016829,
            23.176343
          ],
          [
            80.016804,
            23.176305
          ],
          [
            80.016804,
            23.176259
          ],
          [
            80.017087,
            23.175408
          ],
          [
            80.017115,
            23.175379
          ],
          [
            80.017159,
            23.175358
          ],
          [
            80.01723,
            23.175344
          ],
          [
            80.020266,
            23.174953
          ],
          [
            80.020829,
            23.174865
          ],
          [
            80.022463,
            23.17461
          ],
          [
            80.022586,
            23.174607
          ],
          [
            80.022704,
            23.174621
          ],
          [
            80.022764,
            23.174642
          ],
          [
            80.022789,
            23.174675
          ],
          [
            80.022792,
            23.174718
          ],
          [
            80.022704,
            23.175425
          ],
          [
            80.0227,
            23.175462
          ],
          [
            80.022701,
            23.175517
          ],
          [
            80.022721,
            23.175572
          ],
          [
            80.022761,
            23.175659
          ],
          [
            80.022765,
            23.175705
          ],
          [
            80.022762,
            23.175749
          ],
          [
            80.022744,
            23.175822
          ],
          [
            80.022724,
            23.175875
          ],
          [
            80.022662,
            23.176044
          ],
          [
            80.022376,
            23.176823
          ],
          [
            80.022368,
            23.176906
          ],
          [
            80.022369,
            23.176927
          ],
          [
            80.022369,
            23.176965
          ],
          [
            80.022392,
            23.177037
          ],
          [
            80.022544,
            23.177355
          ]
        ]
      },
      "bbox": [
        80.016804,
        23.174607,
        80.024935,
        23.179183
      ]
    },
    {
      "type": "Feature",
      "id": "way/773792337",
      "properties": {
        "timestamp": "2026-02-01T07:18:15Z",
        "version": "5",
        "changeset": "177953088",
        "user": "Sameeksha Chinta",
        "uid": "23775155",
        "highway": "service",
        "surface": "paving_stones",
        "id": "way/773792337",
        "name": "Campus Pathway"
      },
      "geometry": {
        "type": "LineString",
        "coordinates": [
          [
            80.022606,
            23.177366
          ],
          [
            80.022544,
            23.177355
          ],
          [
            80.021742,
            23.177232
          ],
          [
            80.021688,
            23.177212
          ],
          [
            80.021645,
            23.177185
          ],
          [
            80.021598,
            23.177138
          ],
          [
            80.021313,
            23.176871
          ],
          [
            80.021224,
            23.176794
          ],
          [
            80.020967,
            23.176589
          ],
          [
            80.020868,
            23.176545
          ],
          [
            80.020705,
            23.176473
          ],
          [
            80.020513,
            23.176409
          ],
          [
            80.020485,
            23.176399
          ],
          [
            80.020163,
            23.176292
          ]
        ]
      },
      "bbox": [
        80.020163,
        23.176292,
        80.022606,
        23.177366
      ]
    },
    {
      "type": "Feature",
      "id": "way/773792339",
      "properties": {
        "timestamp": "2026-02-01T07:33:04Z",
        "version": "3",
        "changeset": "177953333",
        "user": "Sameeksha Chinta",
        "uid": "23775155",
        "highway": "service",
        "service": "driveway",
        "id": "way/773792339",
        "name": "Campus Pathway"
      },
      "geometry": {
        "type": "LineString",
        "coordinates": [
          [
            80.026958,
            23.175754
          ],
          [
            80.026942,
            23.175682
          ],
          [
            80.026998,
            23.175554
          ],
          [
            80.027217,
            23.17528
          ],
          [
            80.027576,
            23.174922
          ],
          [
            80.027684,
            23.174607
          ],
          [
            80.028874,
            23.173196
          ],
          [
            80.029001,
            23.173061
          ],
          [
            80.029074,
            23.173011
          ],
          [
            80.029176,
            23.17298
          ],
          [
            80.029405,
            23.172947
          ],
          [
            80.02959,
            23.17291
          ],
          [
            80.029797,
            23.172876
          ],
          [
            80.029978,
            23.17285
          ],
          [
            80.032285,
            23.172802
          ],
          [
            80.032509,
            23.172791
          ],
          [
            80.032619,
            23.172778
          ],
          [
            80.032726,
            23.172749
          ],
          [
            80.032976,
            23.172602
          ],
          [
            80.033689,
            23.172244
          ],
          [
            80.033753,
            23.172191
          ],
          [
            80.033774,
            23.172142
          ],
          [
            80.033768,
            23.172078
          ],
          [
            80.032163,
            23.169372
          ],
          [
            80.031661,
            23.168516
          ]
        ]
      },
      "bbox": [
        80.026942,
        23.168516,
        80.033774,
        23.175754
      ]
    },
    {
      "type": "Feature",
      "id": "way/773792340",
      "properties": {
        "timestamp": "2020-02-18T13:54:34Z",
        "version": "1",
        "changeset": "81174181",
        "user": "uknown-gryphus",
        "uid": "2425805",
        "highway": "service",
        "service": "driveway",
        "id": "way/773792340",
        "name": "Campus Pathway"
      },
      "geometry": {
        "type": "LineString",
        "coordinates": [
          [
            80.030682,
            23.168654
          ],
          [
            80.031661,
            23.168516
          ],
          [
            80.032874,
            23.168324
          ]
        ]
      },
      "bbox": [
        80.030682,
        23.168324,
        80.032874,
        23.168654
      ]
    },
    {
      "type": "Feature",
      "id": "way/773792341",
      "properties": {
        "timestamp": "2020-02-18T13:54:34Z",
        "version": "1",
        "changeset": "81174181",
        "user": "uknown-gryphus",
        "uid": "2425805",
        "highway": "service",
        "service": "driveway",
        "id": "way/773792341",
        "name": "Campus Pathway"
      },
      "geometry": {
        "type": "LineString",
        "coordinates": [
          [
            80.03028,
            23.167986
          ],
          [
            80.030682,
            23.168654
          ],
          [
            80.031494,
            23.170127
          ],
          [
            80.032976,
            23.172602
          ]
        ]
      },
      "bbox": [
        80.03028,
        23.167986,
        80.032976,
        23.172602
      ]
    },
    {
      "type": "Feature",
      "id": "way/773792342",
      "properties": {
        "timestamp": "2020-02-18T13:54:34Z",
        "version": "1",
        "changeset": "81174181",
        "user": "uknown-gryphus",
        "uid": "2425805",
        "highway": "service",
        "service": "driveway",
        "id": "way/773792342",
        "name": "Campus Pathway"
      },
      "geometry": {
        "type": "LineString",
        "coordinates": [
          [
            80.029829,
            23.170356
          ],
          [
            80.031494,
            23.170127
          ]
        ]
      },
      "bbox": [
        80.029829,
        23.170127,
        80.031494,
        23.170356
      ]
    },
    {
      "type": "Feature",
      "id": "way/779022754",
      "properties": {
        "timestamp": "2021-03-26T08:33:15Z",
        "version": "2",
        "changeset": "101774663",
        "user": "VLD103",
        "uid": "9124205",
        "highway": "service",
        "id": "way/779022754",
        "name": "Campus Pathway"
      },
      "geometry": {
        "type": "LineString",
        "coordinates": [
          [
            80.020266,
            23.174953
          ],
          [
            80.020327,
            23.175176
          ],
          [
            80.020376,
            23.175403
          ],
          [
            80.020387,
            23.175516
          ],
          [
            80.020377,
            23.175584
          ],
          [
            80.020359,
            23.17563
          ],
          [
            80.020338,
            23.175675
          ],
          [
            80.020259,
            23.175843
          ],
          [
            80.02024,
            23.175928
          ],
          [
            80.02021,
            23.176068
          ],
          [
            80.020174,
            23.176223
          ],
          [
            80.020163,
            23.176292
          ]
        ]
      },
      "bbox": [
        80.020163,
        23.174953,
        80.020387,
        23.176292
      ]
    },
    {
      "type": "Feature",
      "id": "way/779022757",
      "properties": {
        "timestamp": "2026-02-01T07:18:15Z",
        "version": "2",
        "changeset": "177953088",
        "user": "Sameeksha Chinta",
        "uid": "23775155",
        "highway": "path",
        "surface": "concrete",
        "id": "way/779022757",
        "name": "Campus Pathway"
      },
      "geometry": {
        "type": "LineString",
        "coordinates": [
          [
            80.024223,
            23.176792
          ],
          [
            80.023922,
            23.176768
          ],
          [
            80.023884,
            23.176671
          ],
          [
            80.023827,
            23.176549
          ],
          [
            80.023732,
            23.176459
          ],
          [
            80.023551,
            23.176424
          ],
          [
            80.023466,
            23.176448
          ],
          [
            80.023396,
            23.176494
          ],
          [
            80.023321,
            23.176549
          ],
          [
            80.023278,
            23.176631
          ],
          [
            80.023274,
            23.176666
          ],
          [
            80.023262,
            23.17678
          ],
          [
            80.023276,
            23.176861
          ],
          [
            80.023315,
            23.176938
          ],
          [
            80.023428,
            23.177041
          ],
          [
            80.023605,
            23.177086
          ],
          [
            80.023771,
            23.177051
          ],
          [
            80.023879,
            23.176938
          ],
          [
            80.023922,
            23.176768
          ]
        ]
      },
      "bbox": [
        80.023262,
        23.176424,
        80.024223,
        23.177086
      ]
    },
    {
      "type": "Feature",
      "id": "way/779022758",
      "properties": {
        "timestamp": "2020-03-07T07:18:31Z",
        "version": "1",
        "changeset": "81892111",
        "user": "uknown-gryphus",
        "uid": "2425805",
        "highway": "path",
        "id": "way/779022758",
        "name": "Campus Pathway"
      },
      "geometry": {
        "type": "LineString",
        "coordinates": [
          [
            80.025516,
            23.176836
          ],
          [
            80.025311,
            23.176962
          ],
          [
            80.024973,
            23.176943
          ]
        ]
      },
      "bbox": [
        80.024973,
        23.176836,
        80.025516,
        23.176962
      ]
    },
    {
      "type": "Feature",
      "id": "way/779022759",
      "properties": {
        "timestamp": "2020-03-07T07:18:31Z",
        "version": "1",
        "changeset": "81892111",
        "user": "uknown-gryphus",
        "uid": "2425805",
        "highway": "path",
        "id": "way/779022759",
        "name": "Campus Pathway"
      },
      "geometry": {
        "type": "LineString",
        "coordinates": [
          [
            80.025311,
            23.176962
          ],
          [
            80.025485,
            23.177113
          ]
        ]
      },
      "bbox": [
        80.025311,
        23.176962,
        80.025485,
        23.177113
      ]
    },
    {
      "type": "Feature",
      "id": "way/779022760",
      "properties": {
        "timestamp": "2020-03-07T07:18:31Z",
        "version": "1",
        "changeset": "81892111",
        "user": "uknown-gryphus",
        "uid": "2425805",
        "highway": "path",
        "id": "way/779022760",
        "name": "Campus Pathway"
      },
      "geometry": {
        "type": "LineString",
        "coordinates": [
          [
            80.024223,
            23.176792
          ],
          [
            80.024401,
            23.176835
          ]
        ]
      },
      "bbox": [
        80.024223,
        23.176792,
        80.024401,
        23.176835
      ]
    },
    {
      "type": "Feature",
      "id": "way/779022761",
      "properties": {
        "timestamp": "2026-02-01T07:33:04Z",
        "version": "2",
        "changeset": "177953333",
        "user": "Sameeksha Chinta",
        "uid": "23775155",
        "bridge": "yes",
        "highway": "service",
        "layer": "1",
        "service": "driveway",
        "surface": "concrete",
        "id": "way/779022761",
        "name": "Campus Pathway"
      },
      "geometry": {
        "type": "LineString",
        "coordinates": [
          [
            80.025634,
            23.175761
          ],
          [
            80.02602,
            23.175708
          ],
          [
            80.026063,
            23.175662
          ]
        ]
      },
      "bbox": [
        80.025634,
        23.175662,
        80.026063,
        23.175761
      ]
    },
    {
      "type": "Feature",
      "id": "way/779022762",
      "properties": {
        "timestamp": "2026-02-01T07:33:04Z",
        "version": "2",
        "changeset": "177953333",
        "user": "Sameeksha Chinta",
        "uid": "23775155",
        "highway": "service",
        "service": "driveway",
        "surface": "concrete",
        "id": "way/779022762",
        "name": "Campus Pathway"
      },
      "geometry": {
        "type": "LineString",
        "coordinates": [
          [
            80.026063,
            23.175662
          ],
          [
            80.02655,
            23.175594
          ],
          [
            80.02671,
            23.175625
          ],
          [
            80.026872,
            23.175691
          ],
          [
            80.026958,
            23.175754
          ],
          [
            80.027108,
            23.175844
          ],
          [
            80.02725,
            23.175926
          ],
          [
            80.027293,
            23.175973
          ],
          [
            80.027505,
            23.176206
          ],
          [
            80.027571,
            23.176279
          ],
          [
            80.027812,
            23.176644
          ],
          [
            80.027941,
            23.177137
          ],
          [
            80.028032,
            23.17763
          ],
          [
            80.02807,
            23.178049
          ],
          [
            80.028048,
            23.178133
          ],
          [
            80.028011,
            23.178217
          ],
          [
            80.027496,
            23.178587
          ],
          [
            80.027363,
            23.178747
          ],
          [
            80.027222,
            23.178917
          ],
          [
            80.027094,
            23.179104
          ],
          [
            80.027019,
            23.179184
          ],
          [
            80.026965,
            23.179242
          ]
        ]
      },
      "bbox": [
        80.026063,
        23.175594,
        80.02807,
        23.179242
      ]
    },
    {
      "type": "Feature",
      "id": "way/921662877",
      "properties": {
        "timestamp": "2023-06-20T18:26:18Z",
        "version": "4",
        "changeset": "137575004",
        "user": "Sal73x",
        "uid": "1293386",
        "highway": "tertiary",
        "source": "maxar",
        "id": "way/921662877",
        "name": "Campus Pathway"
      },
      "geometry": {
        "type": "LineString",
        "coordinates": [
          [
            80.019617,
            23.155019
          ],
          [
            80.019724,
            23.154826
          ],
          [
            80.01982,
            23.154678
          ],
          [
            80.019887,
            23.154604
          ],
          [
            80.020043,
            23.154493
          ],
          [
            80.020122,
            23.154456
          ],
          [
            80.020499,
            23.154311
          ],
          [
            80.021051,
            23.154118
          ],
          [
            80.021172,
            23.154091
          ],
          [
            80.021359,
            23.154077
          ],
          [
            80.022003,
            23.154067
          ],
          [
            80.023237,
            23.154057
          ],
          [
            80.02332,
            23.154072
          ],
          [
            80.023409,
            23.154104
          ],
          [
            80.0238,
            23.154326
          ],
          [
            80.024213,
            23.154567
          ],
          [
            80.024452,
            23.154708
          ],
          [
            80.024769,
            23.154878
          ],
          [
            80.024932,
            23.154957
          ],
          [
            80.025641,
            23.15522
          ],
          [
            80.025753,
            23.155254
          ],
          [
            80.025985,
            23.155321
          ],
          [
            80.02611,
            23.155357
          ],
          [
            80.026658,
            23.155434
          ],
          [
            80.027209,
            23.155514
          ],
          [
            80.027674,
            23.155582
          ],
          [
            80.02793,
            23.155599
          ],
          [
            80.028269,
            23.155586
          ],
          [
            80.028759,
            23.155553
          ],
          [
            80.029615,
            23.155431
          ],
          [
            80.030611,
            23.155295
          ],
          [
            80.031486,
            23.155193
          ],
          [
            80.031929,
            23.155145
          ],
          [
            80.032084,
            23.155135
          ],
          [
            80.032225,
            23.155137
          ],
          [
            80.032435,
            23.155168
          ],
          [
            80.032792,
            23.155233
          ],
          [
            80.032962,
            23.15529
          ],
          [
            80.033297,
            23.15548
          ],
          [
            80.034153,
            23.156058
          ],
          [
            80.034249,
            23.156123
          ],
          [
            80.035704,
            23.15706
          ],
          [
            80.036099,
            23.157325
          ],
          [
            80.036279,
            23.157446
          ],
          [
            80.036398,
            23.15754
          ],
          [
            80.036489,
            23.157621
          ],
          [
            80.036556,
            23.157712
          ],
          [
            80.036626,
            23.157873
          ],
          [
            80.036725,
            23.158114
          ],
          [
            80.036795,
            23.158262
          ],
          [
            80.036891,
            23.158408
          ],
          [
            80.037077,
            23.158645
          ],
          [
            80.037476,
            23.159123
          ],
          [
            80.037779,
            23.159487
          ],
          [
            80.038027,
            23.159809
          ],
          [
            80.038232,
            23.160128
          ],
          [
            80.038437,
            23.16047
          ],
          [
            80.038788,
            23.161056
          ],
          [
            80.038876,
            23.161169
          ],
          [
            80.03912,
            23.161365
          ],
          [
            80.039605,
            23.1617
          ],
          [
            80.039917,
            23.161967
          ],
          [
            80.040037,
            23.162048
          ],
          [
            80.040189,
            23.16211
          ],
          [
            80.040621,
            23.162204
          ],
          [
            80.040982,
            23.162253
          ],
          [
            80.041371,
            23.162292
          ],
          [
            80.041693,
            23.162338
          ],
          [
            80.041973,
            23.162399
          ],
          [
            80.042277,
            23.162507
          ],
          [
            80.042705,
            23.162712
          ],
          [
            80.043417,
            23.163148
          ],
          [
            80.043831,
            23.163496
          ],
          [
            80.044397,
            23.163968
          ],
          [
            80.04485,
            23.164358
          ],
          [
            80.044907,
            23.164427
          ],
          [
            80.044939,
            23.164498
          ],
          [
            80.044939,
            23.164583
          ],
          [
            80.044871,
            23.165058
          ],
          [
            80.044705,
            23.165878
          ],
          [
            80.04469,
            23.165919
          ],
          [
            80.044644,
            23.165952
          ],
          [
            80.04457,
            23.165968
          ],
          [
            80.044447,
            23.165953
          ],
          [
            80.043974,
            23.16589
          ],
          [
            80.042591,
            23.165765
          ],
          [
            80.041938,
            23.165692
          ],
          [
            80.04162,
            23.165722
          ],
          [
            80.041274,
            23.165812
          ],
          [
            80.040733,
            23.16601
          ],
          [
            80.040378,
            23.166165
          ],
          [
            80.04014,
            23.166336
          ],
          [
            80.039794,
            23.166718
          ],
          [
            80.039486,
            23.167019
          ],
          [
            80.03908,
            23.167272
          ],
          [
            80.038809,
            23.167414
          ],
          [
            80.038365,
            23.167594
          ],
          [
            80.038104,
            23.16771
          ],
          [
            80.037707,
            23.167963
          ],
          [
            80.037426,
            23.1682
          ],
          [
            80.037029,
            23.16865
          ],
          [
            80.036847,
            23.168848
          ],
          [
            80.036656,
            23.169002
          ],
          [
            80.036292,
            23.169226
          ],
          [
            80.035773,
            23.169505
          ],
          [
            80.035423,
            23.16975
          ],
          [
            80.034933,
            23.170127
          ],
          [
            80.034601,
            23.170505
          ],
          [
            80.034554,
            23.170595
          ],
          [
            80.034559,
            23.170664
          ],
          [
            80.034592,
            23.17075
          ],
          [
            80.035386,
            23.172072
          ],
          [
            80.035708,
            23.172647
          ],
          [
            80.035787,
            23.172793
          ],
          [
            80.035829,
            23.172957
          ],
          [
            80.035974,
            23.174661
          ],
          [
            80.035983,
            23.175112
          ],
          [
            80.03596,
            23.175284
          ],
          [
            80.03589,
            23.175404
          ],
          [
            80.03575,
            23.175507
          ],
          [
            80.034816,
            23.176
          ],
          [
            80.034489,
            23.176202
          ],
          [
            80.034297,
            23.176344
          ],
          [
            80.03419,
            23.176481
          ],
          [
            80.034041,
            23.176782
          ],
          [
            80.033868,
            23.17728
          ],
          [
            80.03363,
            23.178065
          ],
          [
            80.033569,
            23.178241
          ],
          [
            80.033443,
            23.178396
          ],
          [
            80.033177,
            23.178697
          ],
          [
            80.033004,
            23.178877
          ],
          [
            80.032742,
            23.179302
          ],
          [
            80.032103,
            23.180577
          ],
          [
            80.031752,
            23.181238
          ],
          [
            80.031664,
            23.18138
          ],
          [
            80.030098,
            23.183151
          ],
          [
            80.02994,
            23.183364
          ],
          [
            80.029892,
            23.183436
          ]
        ]
      },
      "bbox": [
        80.019617,
        23.154057,
        80.044939,
        23.183436
      ]
    },
    {
      "type": "Feature",
      "id": "way/922089928",
      "properties": {
        "timestamp": "2021-03-26T08:33:15Z",
        "version": "2",
        "changeset": "101774663",
        "user": "VLD103",
        "uid": "9124205",
        "highway": "service",
        "source": "maxar",
        "id": "way/922089928",
        "name": "Campus Pathway"
      },
      "geometry": {
        "type": "LineString",
        "coordinates": [
          [
            80.020163,
            23.176292
          ],
          [
            80.019819,
            23.17728
          ]
        ]
      },
      "bbox": [
        80.019819,
        23.176292,
        80.020163,
        23.17728
      ]
    },
    {
      "type": "Feature",
      "id": "way/922089929",
      "properties": {
        "timestamp": "2023-06-20T18:26:18Z",
        "version": "2",
        "changeset": "137575004",
        "user": "Sal73x",
        "uid": "1293386",
        "highway": "service",
        "source": "maxar",
        "id": "way/922089929",
        "name": "Campus Pathway"
      },
      "geometry": {
        "type": "LineString",
        "coordinates": [
          [
            80.02255,
            23.179629
          ],
          [
            80.022352,
            23.179634
          ],
          [
            80.021841,
            23.179559
          ],
          [
            80.021239,
            23.179396
          ],
          [
            80.021194,
            23.179402
          ],
          [
            80.021159,
            23.179428
          ],
          [
            80.02115,
            23.179471
          ],
          [
            80.021221,
            23.179779
          ],
          [
            80.021298,
            23.180134
          ],
          [
            80.021298,
            23.180187
          ],
          [
            80.021273,
            23.180226
          ],
          [
            80.021033,
            23.180392
          ],
          [
            80.020991,
            23.180433
          ],
          [
            80.020918,
            23.180538
          ],
          [
            80.020907,
            23.180583
          ],
          [
            80.020879,
            23.18071
          ],
          [
            80.020885,
            23.180743
          ],
          [
            80.020911,
            23.180768
          ],
          [
            80.021186,
            23.180947
          ],
          [
            80.021255,
            23.180964
          ],
          [
            80.021483,
            23.180983
          ],
          [
            80.021554,
            23.180986
          ],
          [
            80.021617,
            23.180956
          ],
          [
            80.021739,
            23.180743
          ]
        ]
      },
      "bbox": [
        80.020879,
        23.179396,
        80.02255,
        23.180986
      ]
    },
    {
      "type": "Feature",
      "id": "way/922332337",
      "properties": {
        "timestamp": "2023-06-20T18:26:18Z",
        "version": "2",
        "changeset": "137575004",
        "user": "Sal73x",
        "uid": "1293386",
        "highway": "service",
        "source": "maxar",
        "id": "way/922332337",
        "name": "Campus Pathway"
      },
      "geometry": {
        "type": "LineString",
        "coordinates": [
          [
            80.010302,
            23.17263
          ],
          [
            80.010202,
            23.172711
          ],
          [
            80.010157,
            23.173092
          ],
          [
            80.010161,
            23.173136
          ],
          [
            80.010182,
            23.173165
          ],
          [
            80.010226,
            23.173185
          ],
          [
            80.010461,
            23.173207
          ],
          [
            80.010506,
            23.17323
          ],
          [
            80.010532,
            23.173263
          ],
          [
            80.010812,
            23.17377
          ],
          [
            80.010851,
            23.173817
          ],
          [
            80.010902,
            23.173847
          ],
          [
            80.011185,
            23.173972
          ],
          [
            80.011249,
            23.174009
          ],
          [
            80.012082,
            23.174522
          ],
          [
            80.012144,
            23.174572
          ],
          [
            80.012573,
            23.175086
          ],
          [
            80.012835,
            23.175374
          ],
          [
            80.012886,
            23.175428
          ],
          [
            80.01324,
            23.175758
          ],
          [
            80.013296,
            23.175805
          ],
          [
            80.014195,
            23.176572
          ],
          [
            80.014716,
            23.177055
          ],
          [
            80.014756,
            23.177107
          ],
          [
            80.014836,
            23.177258
          ],
          [
            80.014878,
            23.177304
          ],
          [
            80.014921,
            23.17733
          ],
          [
            80.015128,
            23.177452
          ],
          [
            80.015193,
            23.177507
          ],
          [
            80.015542,
            23.177852
          ],
          [
            80.015581,
            23.177907
          ],
          [
            80.015708,
            23.17812
          ],
          [
            80.015747,
            23.178167
          ],
          [
            80.015937,
            23.178356
          ],
          [
            80.016,
            23.178408
          ],
          [
            80.016453,
            23.178719
          ],
          [
            80.016517,
            23.178743
          ],
          [
            80.01709,
            23.178833
          ],
          [
            80.017165,
            23.178839
          ],
          [
            80.017554,
            23.178891
          ],
          [
            80.017619,
            23.178917
          ],
          [
            80.018111,
            23.179251
          ],
          [
            80.018685,
            23.179745
          ],
          [
            80.019124,
            23.180139
          ],
          [
            80.019442,
            23.18045
          ],
          [
            80.019485,
            23.1805
          ],
          [
            80.019575,
            23.180627
          ],
          [
            80.019623,
            23.180665
          ],
          [
            80.01981,
            23.180752
          ],
          [
            80.019867,
            23.180793
          ],
          [
            80.020221,
            23.181076
          ],
          [
            80.020279,
            23.181105
          ],
          [
            80.020385,
            23.18112
          ],
          [
            80.020453,
            23.18112
          ],
          [
            80.020798,
            23.181121
          ],
          [
            80.020868,
            23.181134
          ],
          [
            80.020938,
            23.181151
          ],
          [
            80.021284,
            23.181211
          ],
          [
            80.021361,
            23.181207
          ],
          [
            80.021553,
            23.181141
          ],
          [
            80.021687,
            23.18109
          ],
          [
            80.021748,
            23.18109
          ],
          [
            80.021777,
            23.181114
          ],
          [
            80.021779,
            23.181157
          ],
          [
            80.021598,
            23.181798
          ],
          [
            80.021474,
            23.182323
          ],
          [
            80.021342,
            23.182906
          ],
          [
            80.021323,
            23.182977
          ],
          [
            80.02123,
            23.183311
          ],
          [
            80.021017,
            23.184268
          ],
          [
            80.020636,
            23.185787
          ]
        ]
      },
      "bbox": [
        80.010157,
        23.17263,
        80.021779,
        23.185787
      ]
    },
    {
      "type": "Feature",
      "id": "way/922332338",
      "properties": {
        "timestamp": "2021-03-26T04:02:52Z",
        "version": "2",
        "changeset": "101754757",
        "user": "VLD147",
        "uid": "10979427",
        "highway": "service",
        "source": "maxar",
        "id": "way/922332338",
        "name": "Campus Pathway"
      },
      "geometry": {
        "type": "LineString",
        "coordinates": [
          [
            80.020938,
            23.181151
          ],
          [
            80.020931,
            23.181361
          ],
          [
            80.020927,
            23.181422
          ],
          [
            80.020876,
            23.181632
          ],
          [
            80.020785,
            23.182004
          ],
          [
            80.02058,
            23.182795
          ],
          [
            80.020515,
            23.183155
          ],
          [
            80.020337,
            23.183963
          ],
          [
            80.020153,
            23.184704
          ],
          [
            80.019936,
            23.185609
          ],
          [
            80.019947,
            23.185651
          ],
          [
            80.019981,
            23.185675
          ],
          [
            80.020636,
            23.185787
          ],
          [
            80.021038,
            23.185812
          ],
          [
            80.021261,
            23.185828
          ],
          [
            80.021311,
            23.185842
          ],
          [
            80.021343,
            23.185873
          ],
          [
            80.021352,
            23.185911
          ],
          [
            80.021265,
            23.186432
          ],
          [
            80.021246,
            23.186499
          ],
          [
            80.021003,
            23.187102
          ],
          [
            80.020782,
            23.187717
          ],
          [
            80.020636,
            23.188055
          ],
          [
            80.020613,
            23.188086
          ],
          [
            80.020531,
            23.188142
          ],
          [
            80.020515,
            23.188182
          ],
          [
            80.020494,
            23.188468
          ],
          [
            80.020482,
            23.188527
          ],
          [
            80.020259,
            23.189217
          ],
          [
            80.019929,
            23.190367
          ],
          [
            80.019821,
            23.190656
          ],
          [
            80.019794,
            23.190688
          ],
          [
            80.019728,
            23.190724
          ],
          [
            80.019708,
            23.190756
          ],
          [
            80.019708,
            23.190794
          ],
          [
            80.019759,
            23.190969
          ],
          [
            80.019753,
            23.191034
          ],
          [
            80.019524,
            23.191935
          ],
          [
            80.019407,
            23.192388
          ],
          [
            80.019382,
            23.192459
          ],
          [
            80.019188,
            23.192945
          ],
          [
            80.019161,
            23.193012
          ],
          [
            80.019102,
            23.193215
          ],
          [
            80.019094,
            23.193274
          ],
          [
            80.019079,
            23.193704
          ],
          [
            80.019066,
            23.193754
          ],
          [
            80.019007,
            23.193937
          ],
          [
            80.019016,
            23.193988
          ],
          [
            80.019126,
            23.194179
          ],
          [
            80.019145,
            23.194248
          ],
          [
            80.019279,
            23.194863
          ],
          [
            80.019425,
            23.195412
          ],
          [
            80.019456,
            23.195572
          ],
          [
            80.019446,
            23.195614
          ],
          [
            80.019422,
            23.19564
          ],
          [
            80.019335,
            23.195677
          ],
          [
            80.019283,
            23.195675
          ],
          [
            80.019233,
            23.195658
          ],
          [
            80.018894,
            23.195498
          ],
          [
            80.018854,
            23.195461
          ],
          [
            80.018737,
            23.195246
          ],
          [
            80.018694,
            23.195217
          ],
          [
            80.018424,
            23.195064
          ],
          [
            80.018375,
            23.195025
          ],
          [
            80.017872,
            23.194608
          ],
          [
            80.01757,
            23.194371
          ],
          [
            80.017523,
            23.194333
          ],
          [
            80.01718,
            23.194107
          ],
          [
            80.017114,
            23.194077
          ],
          [
            80.016898,
            23.194034
          ],
          [
            80.01683,
            23.194026
          ],
          [
            80.015871,
            23.193964
          ],
          [
            80.01537,
            23.193934
          ],
          [
            80.01531,
            23.193941
          ],
          [
            80.015261,
            23.193964
          ],
          [
            80.015052,
            23.194151
          ],
          [
            80.015015,
            23.194202
          ],
          [
            80.014778,
            23.194574
          ],
          [
            80.014424,
            23.195124
          ],
          [
            80.014385,
            23.195162
          ],
          [
            80.014179,
            23.19533
          ],
          [
            80.014144,
            23.195376
          ],
          [
            80.013719,
            23.196001
          ],
          [
            80.013678,
            23.196026
          ],
          [
            80.013619,
            23.196026
          ],
          [
            80.01332,
            23.195992
          ]
        ]
      },
      "bbox": [
        80.01332,
        23.181151,
        80.021352,
        23.196026
      ]
    },
    {
      "type": "Feature",
      "id": "way/922332339",
      "properties": {
        "timestamp": "2021-03-26T03:53:41Z",
        "version": "1",
        "changeset": "101754355",
        "user": "VLD147",
        "uid": "10979427",
        "highway": "service",
        "source": "maxar",
        "id": "way/922332339",
        "name": "Campus Pathway"
      },
      "geometry": {
        "type": "LineString",
        "coordinates": [
          [
            80.020876,
            23.181632
          ],
          [
            80.021147,
            23.181651
          ],
          [
            80.021221,
            23.181674
          ],
          [
            80.021598,
            23.181798
          ]
        ]
      },
      "bbox": [
        80.020876,
        23.181632,
        80.021598,
        23.181798
      ]
    },
    {
      "type": "Feature",
      "id": "way/922333817",
      "properties": {
        "timestamp": "2021-03-26T04:02:52Z",
        "version": "1",
        "changeset": "101754757",
        "user": "VLD147",
        "uid": "10979427",
        "highway": "service",
        "source": "maxar",
        "id": "way/922333817",
        "name": "Campus Pathway"
      },
      "geometry": {
        "type": "LineString",
        "coordinates": [
          [
            80.032403,
            23.182435
          ],
          [
            80.032622,
            23.182149
          ],
          [
            80.032634,
            23.182109
          ],
          [
            80.032615,
            23.182063
          ],
          [
            80.031664,
            23.18138
          ]
        ]
      },
      "bbox": [
        80.031664,
        23.18138,
        80.032634,
        23.182435
      ]
    },
    {
      "type": "Feature",
      "id": "way/922414600",
      "properties": {
        "timestamp": "2021-03-26T08:33:24Z",
        "version": "1",
        "changeset": "101774673",
        "user": "VLD103",
        "uid": "9124205",
        "highway": "service",
        "id": "way/922414600",
        "name": "Campus Pathway"
      },
      "geometry": {
        "type": "LineString",
        "coordinates": [
          [
            80.032163,
            23.169372
          ],
          [
            80.033363,
            23.169197
          ]
        ]
      },
      "bbox": [
        80.032163,
        23.169197,
        80.033363,
        23.169372
      ]
    },
    {
      "type": "Feature",
      "id": "way/922415042",
      "properties": {
        "timestamp": "2026-02-01T06:54:12Z",
        "version": "2",
        "changeset": "177952651",
        "user": "Sameeksha Chinta",
        "uid": "23775155",
        "highway": "service",
        "service": "driveway",
        "surface": "concrete",
        "id": "way/922415042",
        "name": "Campus Pathway"
      },
      "geometry": {
        "type": "LineString",
        "coordinates": [
          [
            80.022606,
            23.177366
          ],
          [
            80.022526,
            23.177534
          ],
          [
            80.0224,
            23.177881
          ],
          [
            80.022215,
            23.178392
          ],
          [
            80.022322,
            23.17856
          ],
          [
            80.022429,
            23.178876
          ],
          [
            80.022326,
            23.179015
          ]
        ]
      },
      "bbox": [
        80.022215,
        23.177366,
        80.022606,
        23.179015
      ]
    },
    {
      "type": "Feature",
      "id": "way/927046159",
      "properties": {
        "timestamp": "2021-04-07T07:50:15Z",
        "version": "1",
        "changeset": "102458727",
        "user": "VLD149",
        "uid": "10979429",
        "highway": "service",
        "source": "maxar",
        "id": "way/927046159",
        "name": "Campus Pathway"
      },
      "geometry": {
        "type": "LineString",
        "coordinates": [
          [
            80.011017,
            23.171778
          ],
          [
            80.011254,
            23.172333
          ],
          [
            80.011283,
            23.172372
          ],
          [
            80.011337,
            23.172429
          ],
          [
            80.011688,
            23.172705
          ],
          [
            80.012568,
            23.173319
          ],
          [
            80.013478,
            23.173956
          ],
          [
            80.013688,
            23.174087
          ],
          [
            80.013759,
            23.174123
          ],
          [
            80.014192,
            23.174298
          ],
          [
            80.015182,
            23.174646
          ],
          [
            80.015932,
            23.174918
          ],
          [
            80.016742,
            23.175191
          ],
          [
            80.016888,
            23.175235
          ],
          [
            80.017001,
            23.175242
          ],
          [
            80.017194,
            23.175225
          ],
          [
            80.017444,
            23.175173
          ]
        ]
      },
      "bbox": [
        80.011017,
        23.171778,
        80.017444,
        23.175242
      ]
    },
    {
      "type": "Feature",
      "id": "way/1104944607",
      "properties": {
        "timestamp": "2022-10-18T12:39:17Z",
        "version": "1",
        "changeset": "127725487",
        "user": "Madhubala S",
        "uid": "15097560",
        "highway": "service",
        "id": "way/1104944607",
        "name": "Campus Pathway"
      },
      "geometry": {
        "type": "LineString",
        "coordinates": [
          [
            80.022762,
            23.175749
          ],
          [
            80.02335,
            23.175959
          ],
          [
            80.023759,
            23.175995
          ],
          [
            80.024073,
            23.175941
          ],
          [
            80.024419,
            23.176063
          ],
          [
            80.024535,
            23.176181
          ]
        ]
      },
      "bbox": [
        80.022762,
        23.175749,
        80.024535,
        23.176181
      ]
    },
    {
      "type": "Feature",
      "id": "way/1183742825",
      "properties": {
        "timestamp": "2023-06-20T18:26:18Z",
        "version": "1",
        "changeset": "137575004",
        "user": "Sal73x",
        "uid": "1293386",
        "highway": "secondary",
        "maxspeed": "50",
        "name": "Airport Road",
        "name:ur": "\u0627\u0626\u06cc\u0631\u067e\u0648\u0631\u0679 \u0631\u0648\u0688",
        "oneway": "yes",
        "id": "way/1183742825"
      },
      "geometry": {
        "type": "LineString",
        "coordinates": [
          [
            80.007871,
            23.171912
          ],
          [
            80.009925,
            23.172446
          ],
          [
            80.010104,
            23.172513
          ],
          [
            80.01021,
            23.172566
          ],
          [
            80.010302,
            23.17263
          ],
          [
            80.01046,
            23.172834
          ],
          [
            80.010937,
            23.173518
          ],
          [
            80.011077,
            23.173677
          ],
          [
            80.011226,
            23.173808
          ],
          [
            80.012088,
            23.174371
          ],
          [
            80.013984,
            23.175592
          ],
          [
            80.014159,
            23.175721
          ],
          [
            80.01432,
            23.17587
          ],
          [
            80.014454,
            23.17603
          ],
          [
            80.014568,
            23.176199
          ],
          [
            80.014736,
            23.176461
          ],
          [
            80.014948,
            23.176796
          ],
          [
            80.015097,
            23.177004
          ],
          [
            80.015244,
            23.177164
          ],
          [
            80.015414,
            23.177273
          ],
          [
            80.015597,
            23.177353
          ],
          [
            80.015843,
            23.177438
          ],
          [
            80.017739,
            23.177977
          ],
          [
            80.018006,
            23.178064
          ],
          [
            80.018295,
            23.178187
          ],
          [
            80.019244,
            23.1786
          ],
          [
            80.019473,
            23.178691
          ],
          [
            80.019721,
            23.178778
          ],
          [
            80.020035,
            23.178877
          ],
          [
            80.020754,
            23.179046
          ],
          [
            80.021099,
            23.179137
          ],
          [
            80.022367,
            23.179539
          ],
          [
            80.02255,
            23.179629
          ],
          [
            80.023106,
            23.179968
          ],
          [
            80.023257,
            23.180037
          ],
          [
            80.023419,
            23.180081
          ],
          [
            80.023574,
            23.180096
          ],
          [
            80.023728,
            23.180087
          ],
          [
            80.023857,
            23.180051
          ],
          [
            80.024383,
            23.179868
          ],
          [
            80.024924,
            23.179706
          ],
          [
            80.025362,
            23.179623
          ],
          [
            80.0256,
            23.179601
          ],
          [
            80.025746,
            23.179615
          ],
          [
            80.025873,
            23.179652
          ],
          [
            80.026502,
            23.17995
          ],
          [
            80.026595,
            23.179994
          ],
          [
            80.026945,
            23.18016
          ],
          [
            80.027129,
            23.180259
          ],
          [
            80.027258,
            23.180362
          ],
          [
            80.027377,
            23.180491
          ],
          [
            80.029186,
            23.18284
          ],
          [
            80.029315,
            23.182993
          ],
          [
            80.029456,
            23.183126
          ],
          [
            80.029615,
            23.183251
          ],
          [
            80.02976,
            23.18336
          ],
          [
            80.029892,
            23.183436
          ],
          [
            80.031237,
            23.184214
          ],
          [
            80.031541,
            23.184436
          ],
          [
            80.033915,
            23.186309
          ],
          [
            80.034254,
            23.186585
          ],
          [
            80.034457,
            23.186724
          ],
          [
            80.035328,
            23.187233
          ],
          [
            80.035451,
            23.187287
          ],
          [
            80.035557,
            23.187299
          ],
          [
            80.035671,
            23.187285
          ],
          [
            80.035783,
            23.187241
          ],
          [
            80.036473,
            23.186942
          ],
          [
            80.036611,
            23.186898
          ],
          [
            80.036749,
            23.186888
          ],
          [
            80.036919,
            23.186908
          ],
          [
            80.037777,
            23.187133
          ],
          [
            80.03845,
            23.187319
          ],
          [
            80.038847,
            23.187449
          ],
          [
            80.040198,
            23.187991
          ],
          [
            80.040402,
            23.188054
          ],
          [
            80.040586,
            23.188074
          ],
          [
            80.040719,
            23.188064
          ],
          [
            80.040881,
            23.188018
          ],
          [
            80.042866,
            23.187076
          ],
          [
            80.043049,
            23.187033
          ],
          [
            80.043211,
            23.187041
          ],
          [
            80.04336,
            23.187082
          ],
          [
            80.043517,
            23.187148
          ],
          [
            80.047986,
            23.189344
          ],
          [
            80.049864,
            23.190282
          ],
          [
            80.050043,
            23.190371
          ],
          [
            80.050536,
            23.190542
          ]
        ]
      },
      "bbox": [
        80.007871,
        23.171912,
        80.050536,
        23.190542
      ]
    },
    {
      "type": "Feature",
      "id": "way/1183742834",
      "properties": {
        "timestamp": "2023-06-20T18:26:18Z",
        "version": "1",
        "changeset": "137575004",
        "user": "Sal73x",
        "uid": "1293386",
        "highway": "secondary",
        "maxspeed": "50",
        "name": "Airport Road",
        "name:ur": "\u0627\u0626\u06cc\u0631\u067e\u0648\u0631\u0679 \u0631\u0648\u0688",
        "oneway": "yes",
        "id": "way/1183742834"
      },
      "geometry": {
        "type": "LineString",
        "coordinates": [
          [
            80.050559,
            23.190277
          ],
          [
            80.050383,
            23.190285
          ],
          [
            80.05025,
            23.190282
          ],
          [
            80.050082,
            23.19025
          ],
          [
            80.049918,
            23.190187
          ],
          [
            80.04813,
            23.189332
          ],
          [
            80.043534,
            23.187063
          ],
          [
            80.043386,
            23.187003
          ],
          [
            80.04324,
            23.186955
          ],
          [
            80.043098,
            23.186949
          ],
          [
            80.04304,
            23.186946
          ],
          [
            80.042889,
            23.186964
          ],
          [
            80.042786,
            23.186988
          ],
          [
            80.042288,
            23.187246
          ],
          [
            80.040995,
            23.187882
          ],
          [
            80.040839,
            23.187942
          ],
          [
            80.040711,
            23.187973
          ],
          [
            80.040579,
            23.187983
          ],
          [
            80.040476,
            23.187968
          ],
          [
            80.040341,
            23.187927
          ],
          [
            80.039545,
            23.187638
          ],
          [
            80.038878,
            23.187378
          ],
          [
            80.038497,
            23.187223
          ],
          [
            80.037793,
            23.187046
          ],
          [
            80.036948,
            23.186833
          ],
          [
            80.036829,
            23.18681
          ],
          [
            80.036755,
            23.186805
          ],
          [
            80.036637,
            23.186814
          ],
          [
            80.036554,
            23.186831
          ],
          [
            80.036428,
            23.186874
          ],
          [
            80.035755,
            23.187169
          ],
          [
            80.035641,
            23.187204
          ],
          [
            80.035541,
            23.187215
          ],
          [
            80.035447,
            23.187198
          ],
          [
            80.035361,
            23.187159
          ],
          [
            80.034518,
            23.186623
          ],
          [
            80.034311,
            23.186486
          ],
          [
            80.033959,
            23.186243
          ],
          [
            80.031599,
            23.184378
          ],
          [
            80.031295,
            23.184152
          ],
          [
            80.02994,
            23.183364
          ],
          [
            80.029811,
            23.183289
          ],
          [
            80.029515,
            23.183061
          ],
          [
            80.029377,
            23.182933
          ],
          [
            80.029245,
            23.182784
          ],
          [
            80.02745,
            23.18045
          ],
          [
            80.027316,
            23.180308
          ],
          [
            80.027179,
            23.180194
          ],
          [
            80.026983,
            23.180081
          ],
          [
            80.02664,
            23.179919
          ],
          [
            80.026544,
            23.179874
          ],
          [
            80.025908,
            23.179574
          ],
          [
            80.025773,
            23.179531
          ],
          [
            80.025598,
            23.179522
          ],
          [
            80.025445,
            23.179531
          ],
          [
            80.02536,
            23.179538
          ],
          [
            80.02488,
            23.179637
          ],
          [
            80.024351,
            23.179791
          ],
          [
            80.023837,
            23.179973
          ],
          [
            80.023722,
            23.18
          ],
          [
            80.023582,
            23.180009
          ],
          [
            80.023439,
            23.179995
          ],
          [
            80.023297,
            23.179959
          ],
          [
            80.023147,
            23.17989
          ],
          [
            80.022606,
            23.179563
          ],
          [
            80.022401,
            23.179471
          ],
          [
            80.021123,
            23.179061
          ],
          [
            80.020787,
            23.178968
          ],
          [
            80.020062,
            23.178794
          ],
          [
            80.019747,
            23.178701
          ],
          [
            80.019497,
            23.178619
          ],
          [
            80.019277,
            23.178531
          ],
          [
            80.018331,
            23.178107
          ],
          [
            80.018045,
            23.177988
          ],
          [
            80.017765,
            23.177896
          ],
          [
            80.015865,
            23.177362
          ],
          [
            80.015623,
            23.177279
          ],
          [
            80.015465,
            23.177206
          ],
          [
            80.015313,
            23.177107
          ],
          [
            80.015164,
            23.176953
          ],
          [
            80.015017,
            23.17676
          ],
          [
            80.014806,
            23.176424
          ],
          [
            80.014639,
            23.176157
          ],
          [
            80.014524,
            23.175983
          ],
          [
            80.014384,
            23.175818
          ],
          [
            80.014214,
            23.175652
          ],
          [
            80.014031,
            23.175529
          ],
          [
            80.013506,
            23.17519
          ],
          [
            80.012143,
            23.17431
          ],
          [
            80.011289,
            23.17375
          ],
          [
            80.011132,
            23.173607
          ],
          [
            80.011006,
            23.173459
          ],
          [
            80.010546,
            23.172775
          ],
          [
            80.010381,
            23.172566
          ],
          [
            80.010273,
            23.172488
          ],
          [
            80.010144,
            23.172414
          ],
          [
            80.009948,
            23.172356
          ],
          [
            80.008152,
            23.171902
          ],
          [
            80.007871,
            23.171912
          ]
        ]
      },
      "bbox": [
        80.007871,
        23.171902,
        80.050559,
        23.190285
      ]
    },
    {
      "type": "Feature",
      "id": "way/1251105952",
      "properties": {
        "timestamp": "2024-02-16T10:27:44Z",
        "version": "1",
        "changeset": "147525971",
        "user": "syedk",
        "uid": "19820024",
        "bicycle": "no",
        "highway": "service",
        "motor_vehicle": "no",
        "surface": "paving_stones",
        "id": "way/1251105952",
        "name": "Campus Pathway"
      },
      "geometry": {
        "type": "LineString",
        "coordinates": [
          [
            80.024348,
            23.178084
          ],
          [
            80.023975,
            23.177633
          ],
          [
            80.023925,
            23.177572
          ],
          [
            80.023862,
            23.177542
          ],
          [
            80.023757,
            23.177521
          ],
          [
            80.023425,
            23.177461
          ],
          [
            80.023028,
            23.17738
          ],
          [
            80.022949,
            23.177364
          ],
          [
            80.022877,
            23.177358
          ],
          [
            80.022778,
            23.177369
          ],
          [
            80.022606,
            23.177366
          ]
        ]
      },
      "bbox": [
        80.022606,
        23.177358,
        80.024348,
        23.178084
      ]
    },
    {
      "type": "Feature",
      "id": "way/1267295499",
      "properties": {
        "timestamp": "2024-03-29T03:03:31Z",
        "version": "1",
        "changeset": "149293856",
        "user": "syedk",
        "uid": "19820024",
        "highway": "service",
        "id": "way/1267295499",
        "name": "Campus Pathway"
      },
      "geometry": {
        "type": "LineString",
        "coordinates": [
          [
            80.020387,
            23.175516
          ],
          [
            80.020865,
            23.175441
          ]
        ]
      },
      "bbox": [
        80.020387,
        23.175441,
        80.020865,
        23.175516
      ]
    },
    {
      "type": "Feature",
      "id": "way/1472062533",
      "properties": {
        "timestamp": "2026-02-02T18:01:05Z",
        "version": "5",
        "changeset": "178018311",
        "user": "rajdhani",
        "uid": "20051396",
        "highway": "path",
        "name": "mess entrance",
        "id": "way/1472062533"
      },
      "geometry": {
        "type": "LineString",
        "coordinates": [
          [
            80.021213,
            23.177064
          ],
          [
            80.021194,
            23.177019
          ],
          [
            80.021172,
            23.176937
          ],
          [
            80.021177,
            23.176875
          ],
          [
            80.021195,
            23.176831
          ],
          [
            80.021224,
            23.176794
          ]
        ]
      },
      "bbox": [
        80.021172,
        23.176794,
        80.021224,
        23.177064
      ]
    },
    {
      "type": "Feature",
      "id": "way/1473284254",
      "properties": {
        "timestamp": "2026-02-01T06:30:07Z",
        "version": "1",
        "changeset": "177952272",
        "user": "Sameeksha Chinta",
        "uid": "23775155",
        "highway": "residential",
        "id": "way/1473284254",
        "name": "Campus Pathway"
      },
      "geometry": {
        "type": "LineString",
        "coordinates": [
          [
            80.022704,
            23.175425
          ],
          [
            80.022611,
            23.175319
          ]
        ]
      },
      "bbox": [
        80.022611,
        23.175319,
        80.022704,
        23.175425
      ]
    },
    {
      "type": "Feature",
      "id": "way/1473286748",
      "properties": {
        "timestamp": "2026-02-01T07:01:12Z",
        "version": "1",
        "changeset": "177952757",
        "user": "Sameeksha Chinta",
        "uid": "23775155",
        "highway": "footway",
        "name": "nagarjuna entrance",
        "id": "way/1473286748"
      },
      "geometry": {
        "type": "LineString",
        "coordinates": [
          [
            80.022611,
            23.175319
          ],
          [
            80.022533,
            23.175311
          ],
          [
            80.022442,
            23.175382
          ],
          [
            80.022396,
            23.175394
          ],
          [
            80.022071,
            23.175339
          ],
          [
            80.022071,
            23.175303
          ],
          [
            80.022027,
            23.175295
          ],
          [
            80.022,
            23.175274
          ],
          [
            80.021958,
            23.175266
          ],
          [
            80.021965,
            23.175108
          ],
          [
            80.021951,
            23.175035
          ],
          [
            80.021484,
            23.175123
          ]
        ]
      },
      "bbox": [
        80.021484,
        23.175035,
        80.022611,
        23.175394
      ]
    },
    {
      "type": "Feature",
      "id": "way/1473287721",
      "properties": {
        "timestamp": "2026-02-01T07:18:15Z",
        "version": "1",
        "changeset": "177953088",
        "user": "Sameeksha Chinta",
        "uid": "23775155",
        "highway": "footway",
        "id": "way/1473287721",
        "name": "Campus Pathway"
      },
      "geometry": {
        "type": "LineString",
        "coordinates": [
          [
            80.020163,
            23.176292
          ],
          [
            80.020025,
            23.176219
          ],
          [
            80.019881,
            23.176167
          ],
          [
            80.019786,
            23.176141
          ],
          [
            80.019737,
            23.176256
          ]
        ]
      },
      "bbox": [
        80.019737,
        23.176141,
        80.020163,
        23.176292
      ]
    },
    {
      "type": "Feature",
      "id": "way/1473287722",
      "properties": {
        "timestamp": "2026-02-01T07:18:15Z",
        "version": "1",
        "changeset": "177953088",
        "user": "Sameeksha Chinta",
        "uid": "23775155",
        "highway": "footway",
        "id": "way/1473287722",
        "name": "Campus Pathway"
      },
      "geometry": {
        "type": "LineString",
        "coordinates": [
          [
            80.020513,
            23.176409
          ],
          [
            80.020478,
            23.176495
          ]
        ]
      },
      "bbox": [
        80.020478,
        23.176409,
        80.020513,
        23.176495
      ]
    },
    {
      "type": "Feature",
      "id": "way/1473287723",
      "properties": {
        "timestamp": "2026-02-01T07:18:15Z",
        "version": "1",
        "changeset": "177953088",
        "user": "Sameeksha Chinta",
        "uid": "23775155",
        "highway": "footway",
        "id": "way/1473287723",
        "name": "Campus Pathway"
      },
      "geometry": {
        "type": "LineString",
        "coordinates": [
          [
            80.020485,
            23.176399
          ],
          [
            80.020515,
            23.176342
          ],
          [
            80.020529,
            23.17631
          ],
          [
            80.020568,
            23.176301
          ]
        ]
      },
      "bbox": [
        80.020485,
        23.176301,
        80.020568,
        23.176399
      ]
    },
    {
      "type": "Feature",
      "id": "way/1473287724",
      "properties": {
        "timestamp": "2026-02-01T07:18:15Z",
        "version": "1",
        "changeset": "177953088",
        "user": "Sameeksha Chinta",
        "uid": "23775155",
        "highway": "footway",
        "id": "way/1473287724",
        "name": "Campus Pathway"
      },
      "geometry": {
        "type": "LineString",
        "coordinates": [
          [
            80.020529,
            23.17631
          ],
          [
            80.020504,
            23.176277
          ]
        ]
      },
      "bbox": [
        80.020504,
        23.176277,
        80.020529,
        23.17631
      ]
    },
    {
      "type": "Feature",
      "id": "way/1473287725",
      "properties": {
        "timestamp": "2026-02-01T07:42:03Z",
        "version": "2",
        "changeset": "177953483",
        "user": "Sameeksha Chinta",
        "uid": "23775155",
        "highway": "footway",
        "id": "way/1473287725",
        "name": "Campus Pathway"
      },
      "geometry": {
        "type": "LineString",
        "coordinates": [
          [
            80.022662,
            23.176044
          ],
          [
            80.022695,
            23.176072
          ],
          [
            80.022746,
            23.176093
          ],
          [
            80.022774,
            23.176093
          ]
        ]
      },
      "bbox": [
        80.022662,
        23.176044,
        80.022774,
        23.176093
      ]
    },
    {
      "type": "Feature",
      "id": "way/1473287726",
      "properties": {
        "timestamp": "2026-02-01T07:42:03Z",
        "version": "2",
        "changeset": "177953483",
        "user": "Sameeksha Chinta",
        "uid": "23775155",
        "highway": "footway",
        "id": "way/1473287726",
        "name": "Campus Pathway"
      },
      "geometry": {
        "type": "LineString",
        "coordinates": [
          [
            80.022724,
            23.175875
          ],
          [
            80.02277,
            23.175864
          ],
          [
            80.022831,
            23.175877
          ],
          [
            80.022877,
            23.175908
          ],
          [
            80.022906,
            23.175953
          ],
          [
            80.022895,
            23.175979
          ]
        ]
      },
      "bbox": [
        80.022724,
        23.175864,
        80.022906,
        23.175979
      ]
    },
    {
      "type": "Feature",
      "id": "way/1473287728",
      "properties": {
        "timestamp": "2026-02-01T07:18:15Z",
        "version": "1",
        "changeset": "177953088",
        "user": "Sameeksha Chinta",
        "uid": "23775155",
        "highway": "footway",
        "id": "way/1473287728",
        "name": "Campus Pathway"
      },
      "geometry": {
        "type": "LineString",
        "coordinates": [
          [
            80.023767,
            23.176778
          ],
          [
            80.023922,
            23.176768
          ]
        ]
      },
      "bbox": [
        80.023767,
        23.176768,
        80.023922,
        23.176778
      ]
    },
    {
      "type": "Feature",
      "id": "way/1473287729",
      "properties": {
        "timestamp": "2026-02-01T07:18:15Z",
        "version": "1",
        "changeset": "177953088",
        "user": "Sameeksha Chinta",
        "uid": "23775155",
        "highway": "footway",
        "id": "way/1473287729",
        "name": "Campus Pathway"
      },
      "geometry": {
        "type": "LineString",
        "coordinates": [
          [
            80.023177,
            23.176632
          ],
          [
            80.023274,
            23.176666
          ]
        ]
      },
      "bbox": [
        80.023177,
        23.176632,
        80.023274,
        23.176666
      ]
    },
    {
      "type": "Feature",
      "id": "way/1473289252",
      "properties": {
        "timestamp": "2026-02-01T07:33:04Z",
        "version": "1",
        "changeset": "177953333",
        "user": "Sameeksha Chinta",
        "uid": "23775155",
        "highway": "footway",
        "id": "way/1473289252",
        "name": "Campus Pathway"
      },
      "geometry": {
        "type": "LineString",
        "coordinates": [
          [
            80.025246,
            23.177716
          ],
          [
            80.025247,
            23.177767
          ],
          [
            80.025248,
            23.177962
          ],
          [
            80.025241,
            23.177961
          ],
          [
            80.025237,
            23.177961
          ],
          [
            80.024968,
            23.177931
          ],
          [
            80.024871,
            23.178104
          ],
          [
            80.024845,
            23.178129
          ],
          [
            80.024709,
            23.178094
          ],
          [
            80.024659,
            23.178089
          ]
        ]
      },
      "bbox": [
        80.024659,
        23.177716,
        80.025248,
        23.178129
      ]
    },
    {
      "type": "Feature",
      "id": "way/1473289253",
      "properties": {
        "timestamp": "2026-02-01T07:33:04Z",
        "version": "1",
        "changeset": "177953333",
        "user": "Sameeksha Chinta",
        "uid": "23775155",
        "highway": "footway",
        "id": "way/1473289253",
        "name": "Campus Pathway"
      },
      "geometry": {
        "type": "LineString",
        "coordinates": [
          [
            80.025247,
            23.177767
          ],
          [
            80.025292,
            23.177747
          ],
          [
            80.025358,
            23.177683
          ],
          [
            80.025462,
            23.177586
          ],
          [
            80.025544,
            23.177508
          ]
        ]
      },
      "bbox": [
        80.025247,
        23.177508,
        80.025544,
        23.177767
      ]
    },
    {
      "type": "Feature",
      "id": "way/1473289254",
      "properties": {
        "timestamp": "2026-02-01T07:33:04Z",
        "version": "1",
        "changeset": "177953333",
        "user": "Sameeksha Chinta",
        "uid": "23775155",
        "highway": "footway",
        "id": "way/1473289254",
        "name": "Campus Pathway"
      },
      "geometry": {
        "type": "LineString",
        "coordinates": [
          [
            80.025237,
            23.177961
          ],
          [
            80.025466,
            23.178069
          ],
          [
            80.025416,
            23.178154
          ]
        ]
      },
      "bbox": [
        80.025237,
        23.177961,
        80.025466,
        23.178154
      ]
    },
    {
      "type": "Feature",
      "id": "way/1473289255",
      "properties": {
        "timestamp": "2026-02-01T07:33:04Z",
        "version": "1",
        "changeset": "177953333",
        "user": "Sameeksha Chinta",
        "uid": "23775155",
        "highway": "footway",
        "id": "way/1473289255",
        "name": "Campus Pathway"
      },
      "geometry": {
        "type": "LineString",
        "coordinates": [
          [
            80.025466,
            23.178069
          ],
          [
            80.025788,
            23.178202
          ],
          [
            80.025812,
            23.178269
          ],
          [
            80.025935,
            23.178307
          ],
          [
            80.026048,
            23.178374
          ],
          [
            80.026072,
            23.178407
          ],
          [
            80.026026,
            23.178506
          ],
          [
            80.02614,
            23.178528
          ],
          [
            80.026202,
            23.178573
          ],
          [
            80.026164,
            23.178646
          ],
          [
            80.026159,
            23.178701
          ]
        ]
      },
      "bbox": [
        80.025466,
        23.178069,
        80.026202,
        23.178701
      ]
    },
    {
      "type": "Feature",
      "id": "way/1473289256",
      "properties": {
        "timestamp": "2026-02-01T07:33:04Z",
        "version": "1",
        "changeset": "177953333",
        "user": "Sameeksha Chinta",
        "uid": "23775155",
        "highway": "footway",
        "id": "way/1473289256",
        "name": "Campus Pathway"
      },
      "geometry": {
        "type": "LineString",
        "coordinates": [
          [
            80.026026,
            23.178506
          ],
          [
            80.026034,
            23.178556
          ]
        ]
      },
      "bbox": [
        80.026026,
        23.178506,
        80.026034,
        23.178556
      ]
    },
    {
      "type": "Feature",
      "id": "way/1473289257",
      "properties": {
        "timestamp": "2026-02-01T07:33:04Z",
        "version": "1",
        "changeset": "177953333",
        "user": "Sameeksha Chinta",
        "uid": "23775155",
        "highway": "footway",
        "id": "way/1473289257",
        "name": "Campus Pathway"
      },
      "geometry": {
        "type": "LineString",
        "coordinates": [
          [
            80.027019,
            23.179184
          ],
          [
            80.027095,
            23.179211
          ],
          [
            80.027063,
            23.179312
          ],
          [
            80.027089,
            23.179346
          ],
          [
            80.027138,
            23.179359
          ],
          [
            80.027183,
            23.179334
          ],
          [
            80.027234,
            23.179302
          ],
          [
            80.027342,
            23.179386
          ]
        ]
      },
      "bbox": [
        80.027019,
        23.179184,
        80.027342,
        23.179386
      ]
    },
    {
      "type": "Feature",
      "id": "way/1473289258",
      "properties": {
        "timestamp": "2026-02-01T07:33:04Z",
        "version": "1",
        "changeset": "177953333",
        "user": "Sameeksha Chinta",
        "uid": "23775155",
        "highway": "footway",
        "id": "way/1473289258",
        "name": "Campus Pathway"
      },
      "geometry": {
        "type": "LineString",
        "coordinates": [
          [
            80.027234,
            23.179302
          ],
          [
            80.027253,
            23.179238
          ],
          [
            80.027256,
            23.179189
          ],
          [
            80.027199,
            23.179157
          ],
          [
            80.027146,
            23.179181
          ],
          [
            80.027095,
            23.179211
          ]
        ]
      },
      "bbox": [
        80.027095,
        23.179157,
        80.027256,
        23.179302
      ]
    },
    {
      "type": "Feature",
      "id": "way/1473289259",
      "properties": {
        "timestamp": "2026-02-01T07:33:04Z",
        "version": "1",
        "changeset": "177953333",
        "user": "Sameeksha Chinta",
        "uid": "23775155",
        "highway": "footway",
        "id": "way/1473289259",
        "name": "Campus Pathway"
      },
      "geometry": {
        "type": "LineString",
        "coordinates": [
          [
            80.02602,
            23.175708
          ],
          [
            80.026073,
            23.175757
          ],
          [
            80.026103,
            23.175827
          ],
          [
            80.026147,
            23.175931
          ],
          [
            80.02616,
            23.17599
          ],
          [
            80.026175,
            23.176104
          ],
          [
            80.026188,
            23.176173
          ],
          [
            80.026204,
            23.176224
          ],
          [
            80.026272,
            23.176243
          ],
          [
            80.026364,
            23.176261
          ],
          [
            80.026451,
            23.17628
          ],
          [
            80.02647,
            23.176283
          ],
          [
            80.026491,
            23.176225
          ]
        ]
      },
      "bbox": [
        80.02602,
        23.175708,
        80.026491,
        23.176283
      ]
    },
    {
      "type": "Feature",
      "id": "way/1473289260",
      "properties": {
        "timestamp": "2026-02-01T07:33:04Z",
        "version": "1",
        "changeset": "177953333",
        "user": "Sameeksha Chinta",
        "uid": "23775155",
        "highway": "footway",
        "id": "way/1473289260",
        "name": "Campus Pathway"
      },
      "geometry": {
        "type": "LineString",
        "coordinates": [
          [
            80.02647,
            23.176283
          ],
          [
            80.026612,
            23.176316
          ],
          [
            80.026703,
            23.176343
          ],
          [
            80.026776,
            23.17635
          ],
          [
            80.026848,
            23.176312
          ],
          [
            80.026905,
            23.176255
          ],
          [
            80.02693,
            23.176181
          ],
          [
            80.02693,
            23.176095
          ],
          [
            80.026918,
            23.175987
          ],
          [
            80.027108,
            23.175844
          ]
        ]
      },
      "bbox": [
        80.02647,
        23.175844,
        80.027108,
        23.17635
      ]
    },
    {
      "type": "Feature",
      "id": "way/1473289261",
      "properties": {
        "timestamp": "2026-02-01T07:33:04Z",
        "version": "1",
        "changeset": "177953333",
        "user": "Sameeksha Chinta",
        "uid": "23775155",
        "highway": "service",
        "service": "driveway",
        "id": "way/1473289261",
        "name": "Campus Pathway"
      },
      "geometry": {
        "type": "LineString",
        "coordinates": [
          [
            80.02671,
            23.175625
          ],
          [
            80.026856,
            23.175637
          ],
          [
            80.026998,
            23.175554
          ]
        ]
      },
      "bbox": [
        80.02671,
        23.175554,
        80.026998,
        23.175637
      ]
    },
    {
      "type": "Feature",
      "id": "way/1473289262",
      "properties": {
        "timestamp": "2026-02-01T07:33:04Z",
        "version": "1",
        "changeset": "177953333",
        "user": "Sameeksha Chinta",
        "uid": "23775155",
        "highway": "service",
        "service": "driveway",
        "id": "way/1473289262",
        "name": "Campus Pathway"
      },
      "geometry": {
        "type": "LineString",
        "coordinates": [
          [
            80.027505,
            23.176206
          ],
          [
            80.027722,
            23.176184
          ],
          [
            80.02771,
            23.176047
          ]
        ]
      },
      "bbox": [
        80.027505,
        23.176047,
        80.027722,
        23.176206
      ]
    },
    {
      "type": "Feature",
      "id": "way/1473289263",
      "properties": {
        "timestamp": "2026-02-01T07:33:04Z",
        "version": "1",
        "changeset": "177953333",
        "user": "Sameeksha Chinta",
        "uid": "23775155",
        "highway": "service",
        "service": "driveway",
        "id": "way/1473289263",
        "name": "Campus Pathway"
      },
      "geometry": {
        "type": "LineString",
        "coordinates": [
          [
            80.027293,
            23.175973
          ],
          [
            80.027655,
            23.175868
          ],
          [
            80.027706,
            23.175867
          ],
          [
            80.027714,
            23.176
          ]
        ]
      },
      "bbox": [
        80.027293,
        23.175867,
        80.027714,
        23.176
      ]
    },
    {
      "type": "Feature",
      "id": "way/1473289629",
      "properties": {
        "timestamp": "2026-02-01T07:42:03Z",
        "version": "1",
        "changeset": "177953483",
        "user": "Sameeksha Chinta",
        "uid": "23775155",
        "highway": "footway",
        "id": "way/1473289629",
        "name": "Campus Pathway"
      },
      "geometry": {
        "type": "LineString",
        "coordinates": [
          [
            80.021742,
            23.177232
          ],
          [
            80.021896,
            23.177347
          ],
          [
            80.022031,
            23.177494
          ],
          [
            80.022123,
            23.177648
          ],
          [
            80.022221,
            23.177765
          ],
          [
            80.022302,
            23.177828
          ],
          [
            80.0224,
            23.177881
          ]
        ]
      },
      "bbox": [
        80.021742,
        23.177232,
        80.0224,
        23.177881
      ]
    },
    {
      "type": "Feature",
      "id": "way/1473289630",
      "properties": {
        "timestamp": "2026-02-01T07:42:03Z",
        "version": "1",
        "changeset": "177953483",
        "user": "Sameeksha Chinta",
        "uid": "23775155",
        "highway": "footway",
        "id": "way/1473289630",
        "name": "Campus Pathway"
      },
      "geometry": {
        "type": "LineString",
        "coordinates": [
          [
            80.0224,
            23.177881
          ],
          [
            80.022439,
            23.177889
          ],
          [
            80.022419,
            23.177934
          ],
          [
            80.022474,
            23.177951
          ]
        ]
      },
      "bbox": [
        80.0224,
        23.177881,
        80.022474,
        23.177951
      ]
    },
    {
      "type": "Feature",
      "id": "way/1473289632",
      "properties": {
        "timestamp": "2026-02-01T07:42:03Z",
        "version": "1",
        "changeset": "177953483",
        "user": "Sameeksha Chinta",
        "uid": "23775155",
        "highway": "footway",
        "id": "way/1473289632",
        "name": "Campus Pathway"
      },
      "geometry": {
        "type": "LineString",
        "coordinates": [
          [
            80.020865,
            23.175441
          ],
          [
            80.02093,
            23.175455
          ],
          [
            80.02096,
            23.17558
          ]
        ]
      },
      "bbox": [
        80.020865,
        23.175441,
        80.02096,
        23.17558
      ]
    },
    {
      "type": "Feature",
      "id": "way/1473675842",
      "properties": {
        "timestamp": "2026-02-02T17:58:56Z",
        "version": "1",
        "changeset": "178018230",
        "user": "Sameeksha Chinta",
        "uid": "23775155",
        "highway": "footway",
        "id": "way/1473675842",
        "name": "Campus Pathway"
      },
      "geometry": {
        "type": "LineString",
        "coordinates": [
          [
            80.023925,
            23.177572
          ],
          [
            80.024153,
            23.177398
          ]
        ]
      },
      "bbox": [
        80.023925,
        23.177398,
        80.024153,
        23.177572
      ]
    },
    {
      "type": "Feature",
      "id": "way/1473681051",
      "properties": {
        "timestamp": "2026-02-02T18:33:02Z",
        "version": "1",
        "changeset": "178019350",
        "user": "Sameeksha Chinta",
        "uid": "23775155",
        "highway": "footway",
        "id": "way/1473681051",
        "name": "Campus Pathway"
      },
      "geometry": {
        "type": "LineString",
        "coordinates": [
          [
            80.020829,
            23.174865
          ],
          [
            80.02092,
            23.175308
          ],
          [
            80.020882,
            23.175339
          ],
          [
            80.020866,
            23.1754
          ],
          [
            80.020865,
            23.175441
          ]
        ]
      },
      "bbox": [
        80.020829,
        23.174865,
        80.02092,
        23.175441
      ]
    },
    {
      "type": "Feature",
      "id": "node/7273688240",
      "properties": {
        "timestamp": "2020-03-07T07:32:11Z",
        "version": "1",
        "changeset": "81892267",
        "user": "uknown-gryphus",
        "uid": "2425805",
        "amenity": "fast_food",
        "name": "Hyderabad Fried Chicken (HFC Canteen)",
        "id": "node/7273688240",
        "category": "Dining",
        "description": "Popular student snack stop for burgers, chicken & wraps"
      },
      "geometry": {
        "type": "Point",
        "coordinates": [
          80.022508,
          23.17893
        ]
      },
      "bbox": [
        80.022508,
        23.17893,
        80.022508,
        23.17893
      ]
    },
    {
      "type": "Feature",
      "id": "node/7273688241",
      "properties": {
        "timestamp": "2020-03-07T07:32:11Z",
        "version": "1",
        "changeset": "81892267",
        "user": "uknown-gryphus",
        "uid": "2425805",
        "amenity": "cafe",
        "name": "Nescaf\u00e9 Coffee Kiosk",
        "id": "node/7273688241",
        "category": "Dining",
        "description": "Hot coffee, iced tea, Maggi & late-night refreshments"
      },
      "geometry": {
        "type": "Point",
        "coordinates": [
          80.022618,
          23.178996
        ]
      },
      "bbox": [
        80.022618,
        23.178996,
        80.022618,
        23.178996
      ]
    },
    {
      "type": "Feature",
      "id": "node/13516213349",
      "properties": {
        "timestamp": "2026-02-15T13:46:30Z",
        "version": "3",
        "changeset": "178582610",
        "user": "googlenaut",
        "uid": "519916",
        "barrier": "gate",
        "id": "node/13516213349",
        "name": "SAC Central Plaza",
        "amenity": "plaza",
        "category": "Student Hub"
      },
      "geometry": {
        "type": "Point",
        "coordinates": [
          80.022611,
          23.175319
        ]
      },
      "bbox": [
        80.022611,
        23.175319,
        80.022611,
        23.175319
      ]
    },
    {
      "type": "Feature",
      "id": "node/13516214471",
      "properties": {
        "timestamp": "2026-02-01T07:01:12Z",
        "version": "2",
        "changeset": "177952757",
        "user": "Sameeksha Chinta",
        "uid": "23775155",
        "crossing": "uncontrolled",
        "crossing:markings": "yes",
        "highway": "services",
        "name": "Nagarjuna Hostel Main Entrance",
        "id": "node/13516214471",
        "category": "Entry"
      },
      "geometry": {
        "type": "Point",
        "coordinates": [
          80.021951,
          23.175035
        ]
      },
      "bbox": [
        80.021951,
        23.175035,
        80.021951,
        23.175035
      ]
    },
    {
      "type": "Feature",
      "id": "node/13516219703",
      "properties": {
        "timestamp": "2026-02-01T06:54:12Z",
        "version": "1",
        "changeset": "177952651",
        "user": "Sameeksha Chinta",
        "uid": "23775155",
        "crossing": "uncontrolled",
        "crossing:markings": "no",
        "highway": "services",
        "id": "node/13516219703",
        "name": "Hall 4 North Gate",
        "category": "Entry"
      },
      "geometry": {
        "type": "Point",
        "coordinates": [
          80.022678,
          23.178147
        ]
      },
      "bbox": [
        80.022678,
        23.178147,
        80.022678,
        23.178147
      ]
    },
    {
      "type": "Feature",
      "id": "node/13516254809",
      "properties": {
        "timestamp": "2026-02-01T07:33:04Z",
        "version": "1",
        "changeset": "177953333",
        "user": "Sameeksha Chinta",
        "uid": "23775155",
        "crossing": "uncontrolled",
        "crossing:markings": "yes",
        "highway": "crossing",
        "id": "node/13516254809",
        "name": "Academic Boulevard Central Crossing",
        "category": "Landmark"
      },
      "geometry": {
        "type": "Point",
        "coordinates": [
          80.025544,
          23.177508
        ]
      },
      "bbox": [
        80.025544,
        23.177508,
        80.025544,
        23.177508
      ]
    }
  ]
}